01/04/2010 10:48:42,PC-3778,Connect
01/04/2010 11:08:15,PC-3778,Disconnect
01/04/2010 16:07:26,PC-3778,Connect
01/04/2010 16:51:04,PC-3778,Disconnect
01/07/2010 10:42:09,PC-3778,Connect
01/07/2010 10:48:40,PC-3778,Disconnect
01/07/2010 11:06:55,PC-3778,Connect
01/07/2010 11:14:03,PC-3778,Disconnect
01/07/2010 15:37:51,PC-3778,Connect
01/07/2010 15:40:22,PC-3778,Disconnect
01/07/2010 15:43:11,PC-3778,Connect
01/07/2010 15:50:22,PC-3778,Disconnect
01/08/2010 09:45:59,PC-3778,Connect
01/08/2010 09:58:58,PC-3778,Disconnect
01/09/2010 11:28:44,PC-3778,Connect
01/09/2010 13:13:24,PC-3778,Disconnect
01/09/2010 15:04:00,PC-3778,Connect
01/09/2010 15:37:31,PC-3778,Disconnect
01/09/2010 17:25:13,PC-3778,Connect
01/09/2010 17:37:32,PC-3778,Disconnect
01/09/2010 18:58:49,PC-3778,Connect
01/09/2010 19:00:05,PC-3778,Disconnect
01/11/2010 11:10:29,PC-3778,Connect
01/11/2010 11:11:04,PC-3778,Disconnect
01/11/2010 17:08:34,PC-3778,Connect
01/11/2010 17:32:39,PC-3778,Disconnect
01/12/2010 09:33:11,PC-3778,Connect
01/12/2010 09:52:47,PC-3778,Disconnect
01/12/2010 10:55:48,PC-3778,Connect
01/12/2010 12:26:04,PC-3778,Disconnect
01/13/2010 14:20:21,PC-3778,Connect
01/13/2010 14:24:19,PC-3778,Disconnect
01/13/2010 16:23:48,PC-3778,Connect
01/13/2010 17:32:33,PC-3778,Disconnect
01/14/2010 11:08:48,PC-3778,Connect
01/14/2010 11:29:49,PC-3778,Disconnect
01/14/2010 13:21:57,PC-3778,Connect
01/14/2010 14:54:42,PC-3778,Disconnect
01/14/2010 17:39:30,PC-3778,Connect
01/14/2010 17:53:14,PC-3778,Disconnect
01/15/2010 14:24:48,PC-3778,Connect
01/15/2010 14:56:52,PC-3778,Disconnect
01/15/2010 15:19:40,PC-3778,Connect
01/15/2010 15:27:15,PC-3778,Disconnect
01/15/2010 18:36:43,PC-3778,Connect
01/15/2010 18:58:14,PC-3778,Disconnect
01/18/2010 11:02:10,PC-3778,Connect
01/18/2010 11:41:34,PC-3778,Disconnect
01/18/2010 15:39:39,PC-3778,Connect
01/18/2010 15:53:12,PC-3778,Disconnect
01/18/2010 18:08:56,PC-3778,Connect
01/18/2010 18:10:39,PC-3778,Disconnect
01/20/2010 10:20:08,PC-3778,Connect
01/20/2010 10:29:25,PC-3778,Disconnect
01/22/2010 12:14:20,PC-3778,Connect
01/22/2010 12:29:47,PC-3778,Disconnect
01/22/2010 16:19:55,PC-3778,Connect
01/22/2010 17:06:32,PC-3778,Disconnect
01/25/2010 10:02:35,PC-3778,Connect
01/25/2010 10:09:25,PC-3778,Disconnect
01/25/2010 10:21:48,PC-3778,Connect
01/25/2010 10:23:16,PC-3778,Disconnect
01/26/2010 09:25:12,PC-3778,Connect
01/26/2010 09:32:53,PC-3778,Disconnect
01/26/2010 16:08:11,PC-3778,Connect
01/26/2010 16:08:20,PC-3778,Disconnect
01/28/2010 10:32:14,PC-3778,Connect
01/28/2010 10:47:26,PC-3778,Disconnect
02/01/2010 09:26:00,PC-3778,Connect
02/01/2010 11:09:37,PC-3778,Disconnect
02/02/2010 10:09:35,PC-3778,Connect
02/02/2010 10:36:44,PC-3778,Disconnect
02/03/2010 11:55:51,PC-3778,Connect
02/03/2010 11:58:14,PC-3778,Disconnect
02/04/2010 18:13:31,PC-3778,Connect
02/04/2010 18:28:51,PC-3778,Disconnect
02/05/2010 09:33:29,PC-3778,Connect
02/05/2010 09:48:23,PC-3778,Disconnect
02/06/2010 10:10:41,PC-3778,Connect
02/06/2010 10:17:06,PC-3778,Disconnect
02/07/2010 10:03:59,PC-3778,Connect
02/07/2010 11:19:58,PC-3778,Disconnect
02/08/2010 11:35:07,PC-3778,Connect
02/08/2010 11:36:13,PC-3778,Disconnect
02/10/2010 16:09:52,PC-3778,Connect
02/10/2010 16:17:54,PC-3778,Disconnect
02/11/2010 09:38:20,PC-3778,Connect
02/11/2010 09:42:49,PC-3778,Disconnect
02/11/2010 10:19:31,PC-3778,Connect
02/11/2010 10:35:17,PC-3778,Disconnect
02/12/2010 09:49:22,PC-3778,Connect
02/12/2010 10:31:44,PC-3778,Disconnect
02/16/2010 10:53:57,PC-3778,Connect
02/16/2010 11:51:33,PC-3778,Disconnect
02/16/2010 16:22:08,PC-3778,Connect
02/16/2010 16:28:29,PC-3778,Disconnect
02/19/2010 11:48:25,PC-3778,Connect
02/19/2010 11:51:18,PC-3778,Disconnect
02/19/2010 15:01:42,PC-3778,Connect
02/19/2010 15:10:18,PC-3778,Disconnect
02/21/2010 16:37:14,PC-3778,Connect
02/21/2010 18:02:12,PC-3778,Disconnect
02/21/2010 18:22:26,PC-3778,Connect
02/21/2010 18:26:54,PC-3778,Disconnect
02/22/2010 09:28:15,PC-3778,Connect
02/22/2010 11:23:08,PC-3778,Disconnect
02/23/2010 16:11:42,PC-3778,Connect
02/23/2010 16:49:02,PC-3778,Disconnect
02/24/2010 16:26:12,PC-3778,Connect
02/24/2010 17:04:17,PC-3778,Disconnect
02/25/2010 13:33:50,PC-3778,Connect
02/25/2010 14:09:44,PC-3778,Disconnect
02/25/2010 16:17:31,PC-3778,Connect
02/25/2010 16:31:37,PC-3778,Disconnect
03/01/2010 10:56:14,PC-3778,Connect
03/01/2010 11:07:16,PC-3778,Disconnect
03/01/2010 18:23:54,PC-3778,Connect
03/01/2010 19:12:14,PC-3778,Disconnect
03/02/2010 14:32:54,PC-3778,Connect
03/02/2010 15:06:26,PC-3778,Disconnect
03/02/2010 16:07:05,PC-3778,Connect
03/02/2010 16:15:31,PC-3778,Disconnect
03/05/2010 12:06:35,PC-3778,Connect
03/05/2010 12:13:32,PC-3778,Disconnect
03/05/2010 14:22:44,PC-3778,Connect
03/05/2010 15:19:25,PC-3778,Disconnect
03/05/2010 18:51:55,PC-3778,Connect
03/05/2010 19:00:50,PC-3778,Disconnect
03/09/2010 09:47:54,PC-3778,Connect
03/09/2010 10:08:22,PC-3778,Disconnect
03/10/2010 14:15:04,PC-3778,Connect
03/10/2010 14:22:04,PC-3778,Disconnect
03/10/2010 16:30:44,PC-3778,Connect
03/10/2010 16:53:06,PC-3778,Disconnect
03/13/2010 16:34:51,PC-3778,Connect
03/13/2010 17:19:01,PC-3778,Disconnect
03/15/2010 10:12:14,PC-3778,Connect
03/15/2010 10:43:20,PC-3778,Disconnect
03/16/2010 09:38:25,PC-3778,Connect
03/16/2010 09:41:41,PC-3778,Disconnect
03/17/2010 11:48:04,PC-3778,Connect
03/17/2010 13:00:15,PC-3778,Disconnect
03/18/2010 09:48:51,PC-3778,Connect
03/18/2010 10:43:45,PC-3778,Disconnect
03/18/2010 11:25:13,PC-3778,Connect
03/18/2010 12:09:04,PC-3778,Disconnect
03/22/2010 13:09:08,PC-3778,Connect
03/22/2010 13:27:33,PC-3778,Disconnect
03/23/2010 17:58:47,PC-3778,Connect
03/23/2010 18:38:58,PC-3778,Disconnect
03/23/2010 18:44:08,PC-3778,Connect
03/23/2010 18:44:14,PC-3778,Disconnect
03/25/2010 18:01:18,PC-3778,Connect
03/25/2010 18:15:04,PC-3778,Disconnect
03/27/2010 14:06:28,PC-3778,Connect
03/27/2010 15:38:24,PC-3778,Disconnect
03/29/2010 16:53:50,PC-3778,Connect
03/29/2010 17:58:49,PC-3778,Disconnect
03/30/2010 11:26:21,PC-3778,Connect
03/30/2010 11:30:47,PC-3778,Disconnect
04/01/2010 13:33:07,PC-3778,Connect
04/01/2010 13:43:03,PC-3778,Disconnect
04/05/2010 14:00:11,PC-3778,Connect
04/05/2010 14:26:01,PC-3778,Disconnect
04/06/2010 18:28:10,PC-3778,Connect
04/06/2010 18:43:11,PC-3778,Disconnect
04/08/2010 17:23:42,PC-3778,Connect
04/08/2010 18:24:50,PC-3778,Disconnect
04/08/2010 19:00:10,PC-3778,Connect
04/08/2010 19:02:36,PC-3778,Disconnect
04/10/2010 14:53:11,PC-3778,Connect
04/10/2010 14:58:28,PC-3778,Disconnect
04/10/2010 18:43:04,PC-3778,Connect
04/10/2010 18:59:06,PC-3778,Disconnect
04/13/2010 09:09:34,PC-3778,Connect
04/13/2010 09:12:13,PC-3778,Disconnect
04/13/2010 09:18:31,PC-3778,Connect
04/14/2010 10:54:39,PC-3778,Connect
04/14/2010 11:47:30,PC-3778,Disconnect
04/15/2010 10:54:04,PC-3778,Connect
04/15/2010 11:58:20,PC-3778,Disconnect
04/17/2010 17:35:52,PC-3778,Connect
04/17/2010 17:44:40,PC-3778,Disconnect
04/19/2010 10:47:48,PC-3778,Connect
04/19/2010 11:16:01,PC-3778,Disconnect
04/20/2010 09:48:21,PC-3778,Connect
04/20/2010 10:06:11,PC-3778,Disconnect
04/20/2010 16:10:22,PC-3778,Connect
04/20/2010 16:24:22,PC-3778,Disconnect
04/21/2010 10:33:44,PC-3778,Connect
04/21/2010 11:02:16,PC-3778,Disconnect
04/22/2010 09:26:39,PC-3778,Connect
04/22/2010 10:47:06,PC-3778,Disconnect
04/23/2010 09:53:57,PC-3778,Connect
04/23/2010 10:08:17,PC-3778,Disconnect
04/24/2010 09:35:18,PC-3778,Connect
04/24/2010 10:02:25,PC-3778,Disconnect
04/26/2010 10:50:31,PC-3778,Connect
04/26/2010 11:50:58,PC-3778,Disconnect
04/28/2010 09:25:29,PC-3778,Connect
04/28/2010 10:10:16,PC-3778,Disconnect
04/28/2010 15:31:42,PC-3778,Connect
04/28/2010 16:21:47,PC-3778,Disconnect
04/29/2010 14:56:26,PC-3778,Connect
04/29/2010 14:58:11,PC-3778,Disconnect
04/30/2010 09:10:30,PC-3778,Connect
04/30/2010 10:02:22,PC-3778,Disconnect
04/30/2010 15:27:03,PC-3778,Connect
04/30/2010 15:42:52,PC-3778,Disconnect
05/03/2010 17:28:28,PC-3778,Connect
05/03/2010 18:32:40,PC-3778,Disconnect
05/04/2010 10:40:04,PC-3778,Connect
05/04/2010 10:46:34,PC-3778,Disconnect
05/05/2010 11:50:55,PC-3778,Connect
05/05/2010 12:19:32,PC-3778,Disconnect
05/06/2010 11:22:42,PC-3778,Connect
05/06/2010 11:38:20,PC-3778,Disconnect
05/06/2010 17:28:28,PC-3778,Connect
05/06/2010 18:11:59,PC-3778,Disconnect
05/08/2010 15:20:38,PC-3778,Connect
05/08/2010 16:47:28,PC-3778,Disconnect
05/08/2010 17:51:03,PC-3778,Connect
05/08/2010 19:08:46,PC-3778,Disconnect
05/11/2010 12:55:29,PC-3778,Connect
05/11/2010 13:50:10,PC-3778,Disconnect
05/11/2010 15:44:44,PC-3778,Connect
05/11/2010 17:16:28,PC-3778,Disconnect
05/12/2010 09:39:30,PC-3778,Connect
05/12/2010 10:04:36,PC-3778,Disconnect
05/12/2010 16:54:20,PC-3778,Connect
05/12/2010 18:37:49,PC-3778,Disconnect
05/13/2010 15:41:19,PC-3778,Connect
05/13/2010 16:45:32,PC-3778,Disconnect
05/13/2010 17:33:27,PC-3778,Connect
05/13/2010 17:38:12,PC-3778,Disconnect
05/19/2010 14:29:35,PC-3778,Connect
05/19/2010 18:59:47,PC-3778,Disconnect
05/21/2010 18:03:41,PC-3778,Connect
05/21/2010 18:15:29,PC-3778,Disconnect
05/22/2010 15:35:02,PC-3778,Connect
05/22/2010 16:49:06,PC-3778,Disconnect
05/24/2010 10:46:44,PC-3778,Connect
05/24/2010 11:48:06,PC-3778,Disconnect
05/24/2010 15:19:58,PC-3778,Connect
05/24/2010 15:59:10,PC-3778,Disconnect
05/25/2010 15:29:18,PC-3778,Connect
05/25/2010 15:38:37,PC-3778,Disconnect
05/26/2010 15:07:08,PC-3778,Connect
05/26/2010 15:28:05,PC-3778,Disconnect
05/28/2010 12:18:40,PC-3778,Connect
05/28/2010 12:21:07,PC-3778,Disconnect
05/28/2010 17:50:58,PC-3778,Connect
05/28/2010 18:00:06,PC-3778,Disconnect
05/30/2010 09:09:56,PC-3778,Connect
05/30/2010 09:59:46,PC-3778,Disconnect
06/01/2010 09:24:33,PC-3778,Connect
06/01/2010 11:23:45,PC-3778,Disconnect
06/02/2010 17:27:32,PC-3778,Connect
06/02/2010 17:48:11,PC-3778,Disconnect
06/03/2010 10:10:56,PC-3778,Connect
06/03/2010 10:35:15,PC-3778,Disconnect
06/03/2010 11:34:47,PC-3778,Connect
06/03/2010 11:37:41,PC-3778,Disconnect
06/03/2010 16:23:39,PC-3778,Connect
06/03/2010 17:48:12,PC-3778,Disconnect
06/04/2010 15:04:54,PC-3778,Connect
06/04/2010 15:08:56,PC-3778,Disconnect
06/05/2010 16:20:12,PC-3778,Connect
06/05/2010 18:16:46,PC-3778,Disconnect
06/07/2010 11:55:16,PC-3778,Connect
06/07/2010 12:13:21,PC-3778,Disconnect
06/07/2010 17:09:46,PC-3778,Connect
06/07/2010 17:59:11,PC-3778,Disconnect
06/09/2010 13:08:30,PC-3778,Connect
06/09/2010 13:52:54,PC-3778,Disconnect
06/10/2010 10:21:22,PC-3778,Connect
06/10/2010 10:36:15,PC-3778,Disconnect
06/11/2010 10:24:43,PC-3778,Connect
06/11/2010 10:57:26,PC-3778,Disconnect
06/11/2010 17:16:31,PC-3778,Connect
06/11/2010 18:56:16,PC-3778,Disconnect
06/12/2010 16:39:06,PC-3778,Connect
06/12/2010 18:58:18,PC-3778,Disconnect
06/13/2010 12:13:39,PC-3778,Connect
06/13/2010 12:44:04,PC-3778,Disconnect
06/13/2010 14:31:05,PC-3778,Connect
06/13/2010 17:07:48,PC-3778,Disconnect
06/13/2010 17:19:46,PC-3778,Connect
06/13/2010 17:43:57,PC-3778,Disconnect
06/15/2010 18:10:10,PC-3778,Connect
06/15/2010 18:13:00,PC-3778,Disconnect
06/16/2010 09:34:48,PC-3778,Connect
06/16/2010 09:37:54,PC-3778,Disconnect
06/17/2010 12:53:42,PC-3778,Connect
06/17/2010 13:30:47,PC-3778,Disconnect
06/17/2010 14:09:14,PC-3778,Connect
06/17/2010 14:49:37,PC-3778,Disconnect
06/20/2010 09:26:49,PC-3778,Connect
06/20/2010 09:33:54,PC-3778,Disconnect
06/20/2010 18:23:20,PC-3778,Connect
06/20/2010 18:39:27,PC-3778,Disconnect
06/22/2010 15:34:28,PC-3778,Connect
06/22/2010 15:52:44,PC-3778,Disconnect
06/24/2010 16:10:18,PC-3778,Connect
06/24/2010 16:55:07,PC-3778,Disconnect
06/28/2010 10:43:25,PC-3778,Connect
06/28/2010 10:54:04,PC-3778,Disconnect
06/28/2010 15:32:36,PC-3778,Connect
06/28/2010 15:59:49,PC-3778,Disconnect
06/29/2010 11:08:24,PC-3778,Connect
06/29/2010 11:56:09,PC-3778,Disconnect
06/29/2010 16:45:15,PC-3778,Connect
06/29/2010 17:02:53,PC-3778,Disconnect
06/30/2010 18:25:04,PC-3778,Connect
06/30/2010 19:04:06,PC-3778,Disconnect
07/02/2010 09:50:03,PC-3778,Connect
07/02/2010 10:21:08,PC-3778,Disconnect
07/02/2010 12:01:10,PC-3778,Connect
07/02/2010 12:13:21,PC-3778,Disconnect
07/04/2010 16:01:04,PC-3778,Connect
07/04/2010 16:33:19,PC-3778,Disconnect
07/04/2010 17:50:44,PC-3778,Connect
07/04/2010 18:44:46,PC-3778,Disconnect
07/05/2010 17:15:43,PC-3778,Connect
07/05/2010 17:31:28,PC-3778,Disconnect
07/06/2010 11:14:58,PC-3778,Connect
07/06/2010 11:40:10,PC-3778,Disconnect
07/06/2010 14:58:30,PC-3778,Connect
07/06/2010 15:23:45,PC-3778,Disconnect
07/07/2010 16:57:26,PC-3778,Connect
07/07/2010 17:12:44,PC-3778,Disconnect
07/09/2010 11:48:08,PC-3778,Connect
07/09/2010 12:49:17,PC-3778,Disconnect
07/11/2010 16:39:54,PC-3778,Connect
07/11/2010 17:25:53,PC-3778,Disconnect
07/12/2010 10:25:15,PC-3778,Connect
07/12/2010 11:56:13,PC-3778,Disconnect
07/13/2010 13:15:04,PC-3778,Connect
07/13/2010 14:25:05,PC-3778,Disconnect
07/15/2010 10:30:19,PC-3778,Connect
07/15/2010 10:56:42,PC-3778,Disconnect
07/17/2010 11:03:40,PC-3778,Connect
07/17/2010 11:16:15,PC-3778,Disconnect
07/18/2010 13:49:41,PC-3778,Connect
07/18/2010 14:23:27,PC-3778,Disconnect
07/18/2010 14:49:14,PC-3778,Connect
07/18/2010 15:12:06,PC-3778,Disconnect
07/18/2010 16:47:02,PC-3778,Connect
07/18/2010 17:28:49,PC-3778,Disconnect
07/21/2010 09:38:45,PC-3778,Connect
07/21/2010 11:22:02,PC-3778,Disconnect
07/21/2010 16:05:17,PC-3778,Connect
07/21/2010 17:49:58,PC-3778,Disconnect
07/21/2010 17:56:04,PC-3778,Connect
07/21/2010 18:19:18,PC-3778,Disconnect
07/25/2010 15:11:17,PC-3778,Connect
07/25/2010 15:23:39,PC-3778,Disconnect
07/25/2010 15:23:58,PC-3778,Connect
07/25/2010 16:34:17,PC-3778,Disconnect
07/25/2010 17:40:37,PC-3778,Connect
07/25/2010 17:40:48,PC-3778,Disconnect
07/26/2010 11:56:25,PC-3778,Connect
07/26/2010 12:07:31,PC-3778,Disconnect
07/27/2010 10:22:48,PC-3778,Connect
07/27/2010 10:42:41,PC-3778,Disconnect
07/28/2010 10:57:10,PC-3778,Connect
07/28/2010 10:58:14,PC-3778,Disconnect
07/28/2010 14:33:31,PC-3778,Connect
07/28/2010 14:55:55,PC-3778,Disconnect
07/29/2010 14:47:09,PC-3778,Connect
07/29/2010 14:56:46,PC-3778,Disconnect
07/30/2010 18:11:35,PC-3778,Connect
07/30/2010 18:38:15,PC-3778,Disconnect
08/02/2010 16:26:41,PC-3778,Connect
08/02/2010 16:45:39,PC-3778,Disconnect
08/03/2010 13:13:57,PC-3778,Connect
08/03/2010 13:29:58,PC-3778,Disconnect
08/03/2010 15:48:24,PC-3778,Connect
08/03/2010 16:10:14,PC-3778,Disconnect
08/04/2010 10:42:37,PC-3778,Connect
08/04/2010 10:43:23,PC-3778,Disconnect
08/05/2010 17:35:59,PC-3778,Connect
08/05/2010 17:38:34,PC-3778,Disconnect
08/05/2010 17:39:05,PC-3778,Connect
08/05/2010 17:43:09,PC-3778,Disconnect
08/07/2010 12:37:06,PC-3778,Connect
08/07/2010 12:40:03,PC-3778,Disconnect
08/08/2010 16:20:09,PC-3778,Connect
08/08/2010 16:23:55,PC-3778,Disconnect
08/08/2010 16:25:10,PC-3778,Connect
08/08/2010 16:30:55,PC-3778,Disconnect
08/08/2010 17:00:32,PC-3778,Connect
08/11/2010 15:02:18,PC-3778,Connect
08/11/2010 15:09:11,PC-3778,Disconnect
08/11/2010 16:23:34,PC-3778,Connect
08/11/2010 16:36:46,PC-3778,Disconnect
08/11/2010 17:10:36,PC-3778,Connect
08/11/2010 17:30:28,PC-3778,Disconnect
08/13/2010 10:57:07,PC-3778,Connect
08/13/2010 12:03:34,PC-3778,Disconnect
08/14/2010 17:54:17,PC-3778,Connect
08/14/2010 18:10:32,PC-3778,Disconnect
08/15/2010 09:49:34,PC-3778,Connect
08/15/2010 11:07:30,PC-3778,Disconnect
08/16/2010 14:21:49,PC-3778,Connect
08/16/2010 14:31:45,PC-3778,Disconnect
08/16/2010 17:32:51,PC-3778,Connect
08/16/2010 18:10:12,PC-3778,Disconnect
08/17/2010 10:04:05,PC-3778,Connect
08/17/2010 10:43:31,PC-3778,Disconnect
08/18/2010 17:02:16,PC-3778,Connect
08/18/2010 18:05:07,PC-3778,Disconnect
08/20/2010 16:37:09,PC-3778,Connect
08/20/2010 17:03:28,PC-3778,Disconnect
08/20/2010 17:49:16,PC-3778,Connect
08/20/2010 17:56:38,PC-3778,Disconnect
08/23/2010 18:21:52,PC-3778,Connect
08/23/2010 18:26:02,PC-3778,Disconnect
08/24/2010 15:22:34,PC-3778,Connect
08/24/2010 16:05:54,PC-3778,Disconnect
08/25/2010 12:06:22,PC-3778,Connect
08/25/2010 13:07:24,PC-3778,Disconnect
08/29/2010 14:50:18,PC-3778,Connect
08/29/2010 16:17:51,PC-3778,Disconnect
08/29/2010 16:22:19,PC-3778,Connect
08/29/2010 16:27:15,PC-3778,Disconnect
08/29/2010 16:40:15,PC-3778,Connect
08/29/2010 17:09:49,PC-3778,Disconnect
08/31/2010 13:08:25,PC-3778,Connect
08/31/2010 13:57:04,PC-3778,Disconnect
08/31/2010 17:33:51,PC-3778,Connect
08/31/2010 17:43:44,PC-3778,Disconnect
09/02/2010 10:45:25,PC-3778,Connect
09/02/2010 11:24:07,PC-3778,Disconnect
09/02/2010 13:22:16,PC-3778,Connect
09/02/2010 13:36:05,PC-3778,Disconnect
09/03/2010 17:36:04,PC-3778,Connect
09/03/2010 17:43:00,PC-3778,Disconnect
09/04/2010 10:21:43,PC-3778,Connect
09/04/2010 11:26:10,PC-3778,Disconnect
09/05/2010 09:44:25,PC-3778,Connect
09/05/2010 10:46:05,PC-3778,Disconnect
09/05/2010 13:03:11,PC-3778,Connect
09/05/2010 13:05:28,PC-3778,Disconnect
09/07/2010 13:15:21,PC-3778,Connect
09/07/2010 13:59:13,PC-3778,Disconnect
09/07/2010 14:55:13,PC-3778,Connect
09/07/2010 15:00:49,PC-3778,Disconnect
09/08/2010 09:36:57,PC-3778,Connect
09/08/2010 11:12:29,PC-3778,Disconnect
09/09/2010 12:04:00,PC-3778,Connect
09/09/2010 12:21:15,PC-3778,Disconnect
09/09/2010 12:35:11,PC-3778,Connect
09/09/2010 12:37:56,PC-3778,Disconnect
09/09/2010 12:40:09,PC-3778,Connect
09/09/2010 13:14:21,PC-3778,Disconnect
09/13/2010 09:36:13,PC-3778,Connect
09/13/2010 10:54:13,PC-3778,Disconnect
09/14/2010 15:25:37,PC-3778,Connect
09/14/2010 15:49:54,PC-3778,Disconnect
09/15/2010 15:37:46,PC-3778,Connect
09/15/2010 16:01:41,PC-3778,Disconnect
09/17/2010 11:31:51,PC-3778,Connect
09/17/2010 11:32:16,PC-3778,Disconnect
09/21/2010 14:01:20,PC-3778,Connect
09/21/2010 14:05:16,PC-3778,Disconnect
09/22/2010 14:57:29,PC-3778,Connect
09/22/2010 15:00:20,PC-3778,Disconnect
09/22/2010 15:17:17,PC-3778,Connect
09/22/2010 15:17:49,PC-3778,Disconnect
09/22/2010 15:25:27,PC-3778,Connect
09/22/2010 15:27:11,PC-3778,Disconnect
09/23/2010 16:10:10,PC-3778,Connect
09/23/2010 17:03:28,PC-3778,Disconnect
09/27/2010 17:53:45,PC-3778,Connect
09/27/2010 18:16:58,PC-3778,Disconnect
09/28/2010 18:11:50,PC-3778,Connect
09/28/2010 18:13:38,PC-3778,Disconnect
09/29/2010 09:21:18,PC-3778,Connect
09/29/2010 09:26:49,PC-3778,Disconnect
09/29/2010 15:57:35,PC-3778,Connect
09/29/2010 16:02:16,PC-3778,Disconnect
09/30/2010 09:38:29,PC-3778,Connect
09/30/2010 10:30:22,PC-3778,Disconnect
10/01/2010 09:31:02,PC-3778,Connect
10/01/2010 09:59:24,PC-3778,Disconnect
10/01/2010 17:03:39,PC-3778,Connect
10/01/2010 17:23:16,PC-3778,Disconnect
10/04/2010 12:16:58,PC-3778,Connect
10/04/2010 12:33:08,PC-3778,Disconnect
10/04/2010 13:23:58,PC-3778,Connect
10/04/2010 13:30:13,PC-3778,Disconnect
10/07/2010 09:26:22,PC-3778,Connect
10/07/2010 10:12:22,PC-3778,Disconnect
10/07/2010 12:17:36,PC-3778,Connect
10/07/2010 12:24:31,PC-3778,Disconnect
10/09/2010 17:23:44,PC-3778,Connect
10/09/2010 18:06:36,PC-3778,Disconnect
10/12/2010 14:42:45,PC-3778,Connect
10/12/2010 14:44:26,PC-3778,Disconnect
10/13/2010 12:23:56,PC-3778,Connect
10/13/2010 12:53:00,PC-3778,Disconnect
10/14/2010 10:10:39,PC-3778,Connect
10/14/2010 10:33:08,PC-3778,Disconnect
10/14/2010 16:30:22,PC-3778,Connect
10/14/2010 17:24:54,PC-3778,Disconnect
10/15/2010 17:08:15,PC-3778,Connect
10/15/2010 17:32:48,PC-3778,Disconnect
10/17/2010 17:18:40,PC-3778,Connect
10/17/2010 17:42:01,PC-3778,Disconnect
10/21/2010 09:54:13,PC-3778,Connect
10/21/2010 11:23:17,PC-3778,Disconnect
10/22/2010 10:59:19,PC-3778,Connect
10/22/2010 11:13:42,PC-3778,Disconnect
10/22/2010 16:28:32,PC-3778,Connect
10/22/2010 16:34:08,PC-3778,Disconnect
10/22/2010 18:56:51,PC-3778,Connect
10/22/2010 18:58:45,PC-3778,Disconnect
10/25/2010 10:57:58,PC-3778,Connect
10/25/2010 11:57:43,PC-3778,Disconnect
10/26/2010 16:07:41,PC-3778,Connect
10/26/2010 17:04:13,PC-3778,Disconnect
10/27/2010 17:45:45,PC-3778,Connect
10/27/2010 18:17:18,PC-3778,Disconnect
10/28/2010 13:19:45,PC-3778,Connect
10/28/2010 13:24:46,PC-3778,Disconnect
10/28/2010 18:11:57,PC-3778,Connect
10/28/2010 18:45:09,PC-3778,Disconnect
10/29/2010 18:03:03,PC-3778,Connect
10/29/2010 18:28:57,PC-3778,Disconnect
11/01/2010 14:56:29,PC-3778,Connect
11/01/2010 15:04:14,PC-3778,Disconnect
11/02/2010 12:51:25,PC-3778,Connect
11/02/2010 13:08:55,PC-3778,Disconnect
11/03/2010 15:30:03,PC-3778,Connect
11/03/2010 16:24:14,PC-3778,Disconnect
11/05/2010 15:23:01,PC-3778,Connect
11/05/2010 16:48:13,PC-3778,Disconnect
11/11/2010 14:20:46,PC-3778,Connect
11/11/2010 14:26:02,PC-3778,Disconnect
11/13/2010 10:09:16,PC-3778,Connect
11/13/2010 10:31:01,PC-3778,Disconnect
11/15/2010 11:41:08,PC-3778,Connect
11/15/2010 11:46:08,PC-3778,Disconnect
11/15/2010 12:23:44,PC-3778,Connect
11/15/2010 12:24:05,PC-3778,Disconnect
11/16/2010 11:32:11,PC-3778,Connect
11/16/2010 12:02:03,PC-3778,Disconnect
11/17/2010 16:46:51,PC-3778,Connect
11/17/2010 18:21:25,PC-3778,Disconnect
11/18/2010 11:17:11,PC-3778,Connect
11/18/2010 11:19:11,PC-3778,Disconnect
11/18/2010 18:37:13,PC-3778,Connect
11/18/2010 18:59:59,PC-3778,Disconnect
11/20/2010 12:41:13,PC-3778,Connect
11/20/2010 13:16:28,PC-3778,Disconnect
11/20/2010 18:01:38,PC-3778,Connect
11/20/2010 18:15:47,PC-3778,Disconnect
11/21/2010 09:53:50,PC-3778,Connect
11/21/2010 10:19:10,PC-3778,Disconnect
11/21/2010 10:55:21,PC-3778,Connect
11/21/2010 11:49:15,PC-3778,Disconnect
11/21/2010 15:13:10,PC-3778,Connect
11/21/2010 15:29:44,PC-3778,Disconnect
11/22/2010 14:01:36,PC-3778,Connect
11/22/2010 14:12:40,PC-3778,Disconnect
11/30/2010 12:54:49,PC-3778,Connect
11/30/2010 13:53:19,PC-3778,Disconnect
12/01/2010 09:48:59,PC-3778,Connect
12/01/2010 10:48:11,PC-3778,Disconnect
12/01/2010 17:44:26,PC-3778,Connect
12/01/2010 18:29:50,PC-3778,Disconnect
12/04/2010 17:12:51,PC-3778,Connect
12/04/2010 17:19:51,PC-3778,Disconnect
12/05/2010 12:28:08,PC-3778,Connect
12/05/2010 13:09:07,PC-3778,Disconnect
12/06/2010 10:40:55,PC-3778,Connect
12/06/2010 12:15:38,PC-3778,Disconnect
12/06/2010 14:52:11,PC-3778,Connect
12/06/2010 15:00:11,PC-3778,Disconnect
12/06/2010 16:21:23,PC-3778,Connect
12/06/2010 16:25:15,PC-3778,Disconnect
12/07/2010 18:59:45,PC-3778,Connect
12/07/2010 19:05:25,PC-3778,Disconnect
12/08/2010 11:36:17,PC-3778,Connect
12/08/2010 11:49:06,PC-3778,Disconnect
12/08/2010 19:03:01,PC-3778,Connect
12/08/2010 19:13:24,PC-3778,Disconnect
12/09/2010 12:02:12,PC-3778,Connect
12/09/2010 12:21:48,PC-3778,Disconnect
12/12/2010 12:48:36,PC-3778,Connect
12/12/2010 12:58:00,PC-3778,Disconnect
12/12/2010 15:42:00,PC-3778,Connect
12/12/2010 17:01:14,PC-3778,Disconnect
12/13/2010 12:56:11,PC-3778,Connect
12/13/2010 13:28:56,PC-3778,Disconnect
12/14/2010 17:10:28,PC-3778,Connect
12/14/2010 17:26:36,PC-3778,Disconnect
12/14/2010 17:35:33,PC-3778,Connect
12/14/2010 17:48:41,PC-3778,Disconnect
12/16/2010 13:47:11,PC-3778,Connect
12/16/2010 14:20:56,PC-3778,Disconnect
12/20/2010 14:49:09,PC-3778,Connect
12/20/2010 14:58:26,PC-3778,Disconnect
12/25/2010 16:11:06,PC-3778,Connect
12/25/2010 18:01:21,PC-3778,Disconnect
12/26/2010 13:20:35,PC-3778,Connect
12/26/2010 13:52:19,PC-3778,Disconnect
12/27/2010 16:47:10,PC-3778,Connect
12/27/2010 16:48:10,PC-3778,Disconnect
12/27/2010 16:48:28,PC-3778,Connect
12/27/2010 16:48:31,PC-3778,Disconnect
12/27/2010 16:49:18,PC-3778,Connect
12/27/2010 16:49:21,PC-3778,Disconnect
12/28/2010 17:28:41,PC-3778,Connect
12/28/2010 18:25:35,PC-3778,Disconnect
12/29/2010 14:16:16,PC-3778,Connect
12/29/2010 14:45:56,PC-3778,Disconnect
12/29/2010 18:01:50,PC-3778,Connect
12/29/2010 18:21:16,PC-3778,Disconnect
12/30/2010 11:10:38,PC-3778,Connect
12/30/2010 11:40:18,PC-3778,Disconnect
01/01/2011 10:54:17,PC-3778,Connect
01/01/2011 11:28:36,PC-3778,Disconnect
01/01/2011 16:03:49,PC-3778,Connect
01/01/2011 16:19:28,PC-3778,Disconnect
01/03/2011 09:38:24,PC-3778,Connect
01/03/2011 10:39:58,PC-3778,Disconnect
01/04/2011 09:51:14,PC-3778,Connect
01/04/2011 09:52:36,PC-3778,Disconnect
01/04/2011 18:14:37,PC-3778,Connect
01/04/2011 18:37:43,PC-3778,Disconnect
01/06/2011 11:01:36,PC-3778,Connect
01/06/2011 11:24:57,PC-3778,Disconnect
01/06/2011 14:28:55,PC-3778,Connect
01/06/2011 14:42:19,PC-3778,Disconnect
01/07/2011 10:48:54,PC-3778,Connect
01/07/2011 11:16:34,PC-3778,Disconnect
01/10/2011 11:30:55,PC-3778,Connect
01/10/2011 12:09:19,PC-3778,Disconnect
01/11/2011 11:56:32,PC-3778,Connect
01/11/2011 12:52:42,PC-3778,Disconnect
01/13/2011 10:36:03,PC-3778,Connect
01/13/2011 10:36:14,PC-3778,Disconnect
01/13/2011 13:28:11,PC-3778,Connect
01/13/2011 13:48:55,PC-3778,Disconnect
01/13/2011 15:43:08,PC-3778,Connect
01/13/2011 16:17:48,PC-3778,Disconnect
01/14/2011 11:57:24,PC-3778,Connect
01/14/2011 12:08:05,PC-3778,Disconnect
01/14/2011 13:07:04,PC-3778,Connect
01/14/2011 13:58:18,PC-3778,Disconnect
01/14/2011 18:30:57,PC-3778,Connect
01/14/2011 18:32:49,PC-3778,Disconnect
01/15/2011 16:27:59,PC-3778,Connect
01/15/2011 17:10:06,PC-3778,Disconnect
01/19/2011 15:13:22,PC-3778,Connect
01/19/2011 15:15:11,PC-3778,Disconnect
01/19/2011 15:20:14,PC-3778,Connect
01/19/2011 15:27:25,PC-3778,Disconnect
01/20/2011 16:30:48,PC-3778,Connect
01/20/2011 17:50:03,PC-3778,Disconnect
01/23/2011 16:07:23,PC-3778,Connect
01/23/2011 16:22:58,PC-3778,Disconnect
01/25/2011 10:39:02,PC-3778,Connect
01/25/2011 10:45:33,PC-3778,Disconnect
01/25/2011 18:52:27,PC-3778,Connect
01/25/2011 19:05:17,PC-3778,Disconnect
01/26/2011 10:38:55,PC-3778,Connect
01/26/2011 10:49:45,PC-3778,Disconnect
01/26/2011 16:38:48,PC-3778,Connect
01/26/2011 16:51:19,PC-3778,Disconnect
01/27/2011 15:11:27,PC-3778,Connect
01/27/2011 15:15:31,PC-3778,Disconnect
01/27/2011 17:55:54,PC-3778,Connect
01/27/2011 19:11:14,PC-3778,Disconnect
01/31/2011 09:30:59,PC-3778,Connect
01/31/2011 09:31:49,PC-3778,Disconnect
02/02/2011 10:10:28,PC-3778,Connect
02/02/2011 10:47:52,PC-3778,Disconnect
02/02/2011 18:53:54,PC-3778,Connect
02/02/2011 19:15:42,PC-3778,Disconnect
02/04/2011 10:28:52,PC-3778,Connect
02/04/2011 11:44:03,PC-3778,Disconnect
02/07/2011 09:41:07,PC-3778,Connect
02/07/2011 10:05:14,PC-3778,Disconnect
02/07/2011 15:10:00,PC-3778,Connect
02/07/2011 15:17:42,PC-3778,Disconnect
02/07/2011 18:28:18,PC-3778,Connect
02/07/2011 19:01:07,PC-3778,Disconnect
02/08/2011 14:45:31,PC-3778,Connect
02/08/2011 15:19:45,PC-3778,Disconnect
02/08/2011 16:46:34,PC-3778,Connect
02/08/2011 17:30:52,PC-3778,Disconnect
02/09/2011 12:06:29,PC-3778,Connect
02/09/2011 12:13:02,PC-3778,Disconnect
02/09/2011 12:19:10,PC-3778,Connect
02/09/2011 12:19:55,PC-3778,Disconnect
02/09/2011 12:33:02,PC-3778,Connect
02/09/2011 12:54:35,PC-3778,Disconnect
02/09/2011 14:39:59,PC-3778,Connect
02/09/2011 15:11:44,PC-3778,Disconnect
02/09/2011 15:52:31,PC-3778,Connect
02/09/2011 16:00:50,PC-3778,Disconnect
02/09/2011 16:36:30,PC-3778,Connect
02/09/2011 16:38:49,PC-3778,Disconnect
02/09/2011 18:27:14,PC-3778,Connect
02/09/2011 19:05:57,PC-3778,Disconnect
02/10/2011 10:27:21,PC-3778,Connect
02/10/2011 10:47:20,PC-3778,Disconnect
02/10/2011 10:59:07,PC-3778,Connect
02/10/2011 11:03:06,PC-3778,Disconnect
02/10/2011 12:12:57,PC-3778,Connect
02/10/2011 12:20:55,PC-3778,Disconnect
02/10/2011 12:53:25,PC-3778,Connect
02/10/2011 13:01:27,PC-3778,Disconnect
02/10/2011 13:09:41,PC-3778,Connect
02/10/2011 13:14:09,PC-3778,Disconnect
02/11/2011 09:25:21,PC-3778,Connect
02/11/2011 09:52:55,PC-3778,Disconnect
02/11/2011 11:27:55,PC-3778,Connect
02/11/2011 11:42:33,PC-3778,Disconnect
02/11/2011 12:30:13,PC-3778,Connect
02/11/2011 12:34:06,PC-3778,Disconnect
02/11/2011 15:27:03,PC-3778,Connect
02/11/2011 15:28:01,PC-3778,Disconnect
02/11/2011 16:56:59,PC-3778,Connect
02/11/2011 17:39:10,PC-3778,Disconnect
02/14/2011 10:34:46,PC-3778,Connect
02/14/2011 10:49:52,PC-3778,Disconnect
02/14/2011 11:30:20,PC-3778,Connect
02/14/2011 12:20:00,PC-3778,Disconnect
02/14/2011 13:39:53,PC-3778,Connect
02/14/2011 14:23:00,PC-3778,Disconnect
02/14/2011 16:56:14,PC-3778,Connect
02/14/2011 17:06:04,PC-3778,Disconnect
02/14/2011 18:41:08,PC-3778,Connect
02/14/2011 18:56:01,PC-3778,Disconnect
02/15/2011 10:03:42,PC-3778,Connect
02/15/2011 10:20:33,PC-3778,Disconnect
02/15/2011 13:04:18,PC-3778,Connect
02/15/2011 13:32:39,PC-3778,Disconnect
02/15/2011 16:15:34,PC-3778,Connect
02/15/2011 16:41:54,PC-3778,Disconnect
02/15/2011 17:30:49,PC-3778,Connect
02/15/2011 17:34:18,PC-3778,Disconnect
02/15/2011 18:43:07,PC-3778,Connect
02/15/2011 19:08:07,PC-3778,Disconnect
02/16/2011 10:49:37,PC-3778,Connect
02/16/2011 10:56:10,PC-3778,Disconnect
02/16/2011 15:11:28,PC-3778,Connect
02/16/2011 15:29:23,PC-3778,Disconnect
02/16/2011 15:32:28,PC-3778,Connect
02/16/2011 15:58:12,PC-3778,Disconnect
02/16/2011 17:35:55,PC-3778,Connect
02/16/2011 17:57:58,PC-3778,Disconnect
02/16/2011 18:01:55,PC-3778,Connect
02/16/2011 18:42:30,PC-3778,Disconnect
02/17/2011 09:08:31,PC-3778,Connect
02/17/2011 09:16:30,PC-3778,Disconnect
02/17/2011 11:32:38,PC-3778,Connect
02/17/2011 12:29:43,PC-3778,Disconnect
02/17/2011 13:12:44,PC-3778,Connect
02/17/2011 13:24:13,PC-3778,Disconnect
02/17/2011 16:42:17,PC-3778,Connect
02/17/2011 17:16:12,PC-3778,Disconnect
02/17/2011 18:28:54,PC-3778,Connect
02/17/2011 18:30:39,PC-3778,Disconnect
02/18/2011 11:49:26,PC-3778,Connect
02/18/2011 11:51:33,PC-3778,Disconnect
02/18/2011 12:23:07,PC-3778,Connect
02/18/2011 12:23:41,PC-3778,Disconnect
02/18/2011 18:06:33,PC-3778,Connect
02/18/2011 18:22:53,PC-3778,Disconnect
02/18/2011 18:33:21,PC-3778,Connect
02/18/2011 18:35:36,PC-3778,Disconnect
02/19/2011 09:38:44,PC-3778,Connect
02/19/2011 10:00:59,PC-3778,Disconnect
02/19/2011 10:14:45,PC-3778,Connect
02/19/2011 10:30:42,PC-3778,Disconnect
02/19/2011 10:37:38,PC-3778,Connect
02/19/2011 14:51:46,PC-3778,Connect
02/19/2011 15:13:17,PC-3778,Disconnect
02/19/2011 18:42:21,PC-3778,Connect
02/19/2011 18:58:17,PC-3778,Disconnect
02/20/2011 10:11:28,PC-3778,Connect
02/20/2011 10:17:06,PC-3778,Disconnect
02/20/2011 10:34:16,PC-3778,Connect
02/20/2011 10:58:03,PC-3778,Disconnect
02/20/2011 11:09:16,PC-3778,Connect
02/20/2011 11:28:03,PC-3778,Disconnect
02/20/2011 12:03:36,PC-3778,Connect
02/20/2011 12:22:42,PC-3778,Disconnect
02/20/2011 13:03:24,PC-3778,Connect
02/20/2011 13:19:37,PC-3778,Disconnect
02/21/2011 10:00:49,PC-3778,Connect
02/21/2011 10:01:42,PC-3778,Disconnect
02/21/2011 11:15:46,PC-3778,Connect
02/21/2011 11:55:08,PC-3778,Disconnect
02/21/2011 12:19:53,PC-3778,Connect
02/21/2011 14:01:52,PC-3778,Connect
02/21/2011 14:41:33,PC-3778,Disconnect
02/21/2011 16:53:00,PC-3778,Connect
02/21/2011 17:29:30,PC-3778,Disconnect
02/21/2011 17:58:24,PC-3778,Connect
02/21/2011 18:22:23,PC-3778,Disconnect
02/22/2011 09:36:53,PC-3778,Connect
02/22/2011 10:00:49,PC-3778,Disconnect
02/22/2011 11:06:01,PC-3778,Connect
02/22/2011 11:25:45,PC-3778,Disconnect
02/22/2011 12:51:18,PC-3778,Connect
02/22/2011 13:50:09,PC-3778,Disconnect
02/22/2011 14:15:08,PC-3778,Connect
02/22/2011 14:24:31,PC-3778,Disconnect
02/22/2011 15:12:03,PC-3778,Connect
02/22/2011 15:41:58,PC-3778,Disconnect
02/22/2011 16:25:47,PC-3778,Connect
02/22/2011 16:31:52,PC-3778,Disconnect
02/22/2011 18:04:40,PC-3778,Connect
02/22/2011 18:06:31,PC-3778,Disconnect
02/23/2011 10:42:10,PC-3778,Connect
02/23/2011 10:52:08,PC-3778,Disconnect
02/23/2011 15:01:47,PC-3778,Connect
02/23/2011 15:21:25,PC-3778,Disconnect
02/23/2011 16:46:12,PC-3778,Connect
02/23/2011 17:22:42,PC-3778,Disconnect
02/23/2011 18:05:42,PC-3778,Connect
02/23/2011 18:29:34,PC-3778,Disconnect
02/23/2011 18:41:18,PC-3778,Connect
02/23/2011 18:49:54,PC-3778,Disconnect
02/24/2011 10:07:03,PC-3778,Connect
02/24/2011 10:18:35,PC-3778,Disconnect
02/24/2011 11:58:24,PC-3778,Connect
02/24/2011 12:05:29,PC-3778,Disconnect
02/24/2011 14:21:27,PC-3778,Connect
02/24/2011 14:32:17,PC-3778,Disconnect
02/24/2011 14:48:48,PC-3778,Connect
02/24/2011 14:51:08,PC-3778,Disconnect
02/24/2011 17:31:24,PC-3778,Connect
02/24/2011 18:01:42,PC-3778,Disconnect
02/25/2011 09:45:42,PC-3778,Connect
02/25/2011 09:58:19,PC-3778,Disconnect
02/25/2011 12:11:53,PC-3778,Connect
02/25/2011 13:14:37,PC-3778,Disconnect
02/25/2011 13:16:31,PC-3778,Connect
02/25/2011 13:21:16,PC-3778,Disconnect
02/25/2011 15:07:52,PC-3778,Connect
02/25/2011 15:22:19,PC-3778,Disconnect
02/25/2011 18:47:11,PC-3778,Connect
02/25/2011 19:18:23,PC-3778,Disconnect
02/26/2011 09:46:55,PC-3778,Connect
02/26/2011 09:54:33,PC-3778,Disconnect
02/26/2011 10:25:30,PC-3778,Connect
02/26/2011 11:49:34,PC-3778,Disconnect
02/26/2011 12:33:54,PC-3778,Connect
02/26/2011 12:47:03,PC-3778,Disconnect
02/26/2011 17:17:44,PC-3778,Connect
02/26/2011 17:45:10,PC-3778,Disconnect
02/26/2011 18:16:17,PC-3778,Connect
02/26/2011 18:54:02,PC-3778,Disconnect
02/28/2011 10:14:57,PC-3778,Connect
02/28/2011 10:29:21,PC-3778,Disconnect
02/28/2011 10:43:45,PC-3778,Connect
02/28/2011 10:50:47,PC-3778,Disconnect
02/28/2011 16:42:16,PC-3778,Connect
02/28/2011 16:53:19,PC-3778,Disconnect
02/28/2011 18:45:06,PC-3778,Connect
02/28/2011 18:59:58,PC-3778,Disconnect
02/28/2011 19:11:35,PC-3778,Connect
02/28/2011 19:13:36,PC-3778,Disconnect
03/01/2011 10:14:35,PC-3778,Connect
03/01/2011 10:18:57,PC-3778,Disconnect
03/01/2011 11:52:29,PC-3778,Connect
03/01/2011 11:58:02,PC-3778,Disconnect
03/01/2011 13:24:22,PC-3778,Connect
03/01/2011 13:34:05,PC-3778,Disconnect
03/01/2011 14:52:17,PC-3778,Connect
03/01/2011 15:01:02,PC-3778,Disconnect
03/01/2011 15:22:36,PC-3778,Connect
03/01/2011 16:52:38,PC-3778,Disconnect
03/02/2011 09:22:30,PC-3778,Connect
03/02/2011 10:06:09,PC-3778,Disconnect
03/02/2011 10:45:17,PC-3778,Connect
03/02/2011 11:06:52,PC-3778,Disconnect
03/02/2011 11:37:13,PC-3778,Connect
03/02/2011 12:40:52,PC-3778,Disconnect
03/02/2011 13:19:38,PC-3778,Connect
03/02/2011 13:23:43,PC-3778,Disconnect
03/02/2011 15:54:09,PC-3778,Connect
03/02/2011 16:12:04,PC-3778,Disconnect
03/03/2011 09:54:25,PC-3778,Connect
03/03/2011 10:10:57,PC-3778,Disconnect
03/03/2011 10:14:18,PC-3778,Connect
03/03/2011 13:21:50,PC-3778,Disconnect
03/03/2011 15:02:12,PC-3778,Connect
03/03/2011 15:28:49,PC-3778,Disconnect
03/03/2011 15:55:06,PC-3778,Connect
03/03/2011 16:26:36,PC-3778,Disconnect
03/04/2011 11:07:00,PC-3778,Connect
03/04/2011 11:13:12,PC-3778,Disconnect
03/04/2011 11:15:18,PC-3778,Connect
03/04/2011 11:29:02,PC-3778,Disconnect
03/04/2011 11:34:08,PC-3778,Connect
03/04/2011 11:40:08,PC-3778,Disconnect
03/04/2011 16:22:38,PC-3778,Connect
03/04/2011 16:24:31,PC-3778,Disconnect
03/04/2011 16:33:36,PC-3778,Connect
03/04/2011 16:48:35,PC-3778,Disconnect
03/04/2011 16:51:25,PC-3778,Connect
03/04/2011 16:58:47,PC-3778,Disconnect
03/06/2011 09:50:24,PC-3778,Connect
03/06/2011 09:52:57,PC-3778,Disconnect
03/06/2011 10:23:51,PC-3778,Connect
03/06/2011 10:31:16,PC-3778,Disconnect
03/06/2011 16:35:20,PC-3778,Connect
03/06/2011 16:46:19,PC-3778,Disconnect
03/06/2011 17:16:15,PC-3778,Connect
03/06/2011 18:25:00,PC-3778,Disconnect
03/06/2011 18:31:16,PC-3778,Connect
03/06/2011 18:38:11,PC-3778,Disconnect
03/07/2011 09:32:08,PC-3778,Connect
03/07/2011 09:40:21,PC-3778,Disconnect
03/07/2011 11:06:02,PC-3778,Connect
03/07/2011 11:51:56,PC-3778,Disconnect
03/07/2011 12:54:18,PC-3778,Connect
03/07/2011 13:04:13,PC-3778,Disconnect
03/07/2011 16:37:36,PC-3778,Connect
03/07/2011 16:52:02,PC-3778,Disconnect
