01/02/2010 09:05:00,PC-3778,Logon
01/02/2010 13:11:05,PC-3778,Logon
01/02/2010 17:41:03,PC-4066,Logon
01/02/2010 17:57:01,PC-4066,Logoff
01/02/2010 19:17:00,PC-3778,Logoff
01/04/2010 09:17:00,PC-3778,Logon
01/04/2010 14:55:10,PC-3778,Logon
01/04/2010 19:07:00,PC-3778,Logoff
01/05/2010 09:03:00,PC-3778,Logon
01/05/2010 19:09:00,PC-3778,Logoff
01/06/2010 09:18:00,PC-3778,Logon
01/06/2010 14:55:11,PC-3778,Logon
01/06/2010 19:12:00,PC-3778,Logoff
01/07/2010 09:09:00,PC-3778,Logon
01/07/2010 14:10:45,PC-3778,Logon
01/07/2010 19:03:00,PC-3778,Logoff
01/08/2010 09:10:00,PC-3778,Logon
01/08/2010 17:55:02,PC-0455,Logon
01/08/2010 17:59:21,PC-0455,Logoff
01/08/2010 19:26:00,PC-3778,Logoff
01/09/2010 09:02:00,PC-3778,Logon
01/09/2010 14:46:18,PC-3778,Logon
01/09/2010 19:17:00,PC-3778,Logoff
01/11/2010 09:27:00,PC-3778,Logon
01/11/2010 14:11:29,PC-3778,Logon
01/11/2010 19:10:00,PC-3778,Logoff
01/12/2010 09:13:00,PC-3778,Logon
01/12/2010 14:15:30,PC-5294,Logon
01/12/2010 14:32:33,PC-5294,Logoff
01/12/2010 19:28:00,PC-3778,Logoff
01/13/2010 09:20:00,PC-3778,Logon
01/13/2010 13:38:17,PC-3778,Logon
01/13/2010 19:06:00,PC-3778,Logoff
01/14/2010 09:11:00,PC-3778,Logon
01/14/2010 19:15:00,PC-3778,Logoff
01/15/2010 09:11:00,PC-3778,Logon
01/15/2010 12:39:48,PC-3778,Logon
01/15/2010 17:56:29,PC-6731,Logon
01/15/2010 18:09:36,PC-6731,Logoff
01/15/2010 19:18:00,PC-3778,Logoff
01/17/2010 09:22:00,PC-3778,Logon
01/17/2010 12:22:56,PC-3778,Logon
01/17/2010 19:22:00,PC-3778,Logoff
01/18/2010 09:26:00,PC-3778,Logon
01/18/2010 12:49:57,PC-3778,Logon
01/18/2010 19:04:00,PC-3778,Logoff
01/19/2010 09:02:00,PC-3778,Logon
01/19/2010 09:37:02,PC-2308,Logon
01/19/2010 09:40:14,PC-2308,Logoff
01/19/2010 19:18:00,PC-3778,Logoff
01/20/2010 09:03:00,PC-3778,Logon
01/20/2010 19:29:00,PC-3778,Logoff
01/21/2010 09:10:00,PC-3778,Logon
01/21/2010 14:21:01,PC-3778,Logon
01/21/2010 19:22:00,PC-3778,Logoff
01/22/2010 09:12:00,PC-3778,Logon
01/22/2010 19:19:00,PC-3778,Logoff
01/25/2010 09:22:00,PC-3778,Logon
01/25/2010 15:15:24,PC-3778,Logon
01/25/2010 16:15:08,PC-4050,Logon
01/25/2010 16:36:49,PC-4050,Logoff
01/25/2010 19:15:00,PC-3778,Logoff
01/26/2010 09:17:00,PC-3778,Logon
01/26/2010 13:35:50,PC-3778,Logon
01/26/2010 19:06:00,PC-3778,Logoff
01/27/2010 09:22:00,PC-3778,Logon
01/27/2010 13:26:25,PC-3778,Logon
01/27/2010 19:26:00,PC-3778,Logoff
01/28/2010 09:22:00,PC-3778,Logon
01/28/2010 14:44:05,PC-3778,Logon
01/28/2010 19:09:00,PC-3778,Logoff
01/29/2010 09:16:00,PC-3778,Logon
01/29/2010 13:11:07,PC-3778,Logon
01/29/2010 19:06:00,PC-3778,Logoff
01/30/2010 09:23:00,PC-3778,Logon
01/30/2010 14:20:55,PC-3778,Logon
01/30/2010 19:03:00,PC-3778,Logoff
02/01/2010 09:19:00,PC-3778,Logon
02/01/2010 17:36:40,PC-4263,Logon
02/01/2010 18:03:27,PC-4263,Logoff
02/01/2010 19:15:00,PC-3778,Logoff
02/02/2010 09:18:00,PC-3778,Logon
02/02/2010 12:56:38,PC-3778,Logon
02/02/2010 15:06:34,PC-9464,Logon
02/02/2010 16:02:03,PC-9464,Logoff
02/02/2010 19:10:00,PC-3778,Logoff
02/03/2010 09:21:00,PC-3778,Logon
02/03/2010 13:35:04,PC-3778,Logon
02/03/2010 19:09:00,PC-3778,Logoff
02/04/2010 09:24:00,PC-3778,Logon
02/04/2010 15:09:32,PC-3778,Logon
02/04/2010 19:07:00,PC-3778,Logoff
02/05/2010 09:20:00,PC-3778,Logon
02/05/2010 14:18:05,PC-3778,Logon
02/05/2010 18:16:58,PC-8488,Logon
02/05/2010 18:46:20,PC-8488,Logoff
02/05/2010 19:26:00,PC-3778,Logoff
02/06/2010 09:16:00,PC-3778,Logon
02/06/2010 14:33:11,PC-3778,Logon
02/06/2010 19:03:00,PC-3778,Logoff
02/07/2010 09:13:00,PC-3778,Logon
02/07/2010 11:04:45,PC-7836,Logon
02/07/2010 11:18:08,PC-7836,Logoff
02/07/2010 19:24:00,PC-3778,Logoff
02/08/2010 09:21:00,PC-3778,Logon
02/08/2010 15:11:09,PC-3778,Logon
02/08/2010 19:05:00,PC-3778,Logoff
02/09/2010 09:05:00,PC-3778,Logon
02/09/2010 19:25:00,PC-3778,Logoff
02/10/2010 09:27:00,PC-3778,Logon
02/10/2010 15:11:49,PC-3778,Logon
02/10/2010 19:24:00,PC-3778,Logoff
02/11/2010 09:14:00,PC-3778,Logon
02/11/2010 13:04:07,PC-3778,Logon
02/11/2010 19:15:00,PC-3778,Logoff
02/12/2010 09:10:00,PC-3778,Logon
02/12/2010 12:17:20,PC-3778,Logon
02/12/2010 19:15:00,PC-3778,Logoff
02/15/2010 09:27:00,PC-3778,Logon
02/15/2010 14:14:58,PC-5588,Logon
02/15/2010 14:32:26,PC-5588,Logoff
02/15/2010 19:12:00,PC-3778,Logoff
02/16/2010 09:20:00,PC-3778,Logon
02/16/2010 14:33:08,PC-3778,Logon
02/16/2010 19:03:00,PC-3778,Logoff
02/17/2010 09:21:00,PC-3778,Logon
02/17/2010 12:25:54,PC-3778,Logon
02/17/2010 19:10:00,PC-3778,Logoff
02/18/2010 09:03:00,PC-3778,Logon
02/18/2010 13:37:47,PC-3778,Logon
02/18/2010 19:21:00,PC-3778,Logoff
02/19/2010 09:03:00,PC-3778,Logon
02/19/2010 14:04:57,PC-0631,Logon
02/19/2010 14:59:55,PC-0631,Logoff
02/19/2010 19:19:00,PC-3778,Logoff
02/20/2010 09:20:00,PC-3778,Logon
02/20/2010 14:32:41,PC-3778,Logon
02/20/2010 19:03:00,PC-3778,Logoff
02/21/2010 09:22:00,PC-3778,Logon
02/21/2010 14:59:44,PC-3778,Logon
02/21/2010 19:13:00,PC-3778,Logoff
02/22/2010 09:09:00,PC-3778,Logon
02/22/2010 10:17:00,PC-8486,Logon
02/22/2010 11:01:27,PC-8486,Logoff
02/22/2010 14:22:26,PC-3778,Logon
02/22/2010 19:28:00,PC-3778,Logoff
02/23/2010 09:23:00,PC-3778,Logon
02/23/2010 13:32:18,PC-3778,Logon
02/23/2010 19:05:00,PC-3778,Logoff
02/24/2010 09:22:00,PC-3778,Logon
02/24/2010 14:15:37,PC-3778,Logon
02/24/2010 19:06:00,PC-3778,Logoff
02/25/2010 09:07:00,PC-3778,Logon
02/25/2010 11:03:02,PC-3778,Logon
02/25/2010 16:30:11,PC-7870,Logon
02/25/2010 16:55:19,PC-7870,Logoff
02/25/2010 19:25:00,PC-3778,Logoff
02/26/2010 09:05:00,PC-3778,Logon
02/26/2010 17:56:08,PC-5377,Logon
02/26/2010 18:25:03,PC-5377,Logoff
02/26/2010 19:27:00,PC-3778,Logoff
02/28/2010 09:01:00,PC-3778,Logon
02/28/2010 13:09:06,PC-3778,Logon
02/28/2010 19:13:00,PC-3778,Logoff
03/01/2010 09:09:00,PC-3778,Logon
03/01/2010 19:20:00,PC-3778,Logoff
03/02/2010 09:08:00,PC-3778,Logon
03/02/2010 13:46:00,PC-3778,Logon
03/02/2010 19:25:00,PC-3778,Logoff
03/03/2010 09:25:00,PC-3778,Logon
03/03/2010 12:46:07,PC-3778,Logon
03/03/2010 19:10:00,PC-3778,Logoff
03/04/2010 09:14:00,PC-3778,Logon
03/04/2010 14:53:43,PC-3778,Logon
03/04/2010 19:10:00,PC-3778,Logoff
03/05/2010 09:24:00,PC-3778,Logon
03/05/2010 10:57:28,PC-8279,Logon
03/05/2010 11:35:48,PC-8279,Logoff
03/05/2010 14:00:45,PC-3778,Logon
03/05/2010 19:30:00,PC-3778,Logoff
03/06/2010 09:10:00,PC-3778,Logon
03/06/2010 13:06:49,PC-3778,Logon
03/06/2010 19:11:00,PC-3778,Logoff
03/08/2010 09:04:00,PC-3778,Logon
03/08/2010 09:44:16,PC-3187,Logon
03/08/2010 10:23:13,PC-3187,Logoff
03/08/2010 12:53:42,PC-3778,Logon
03/08/2010 19:18:00,PC-3778,Logoff
03/09/2010 09:23:00,PC-3778,Logon
03/09/2010 17:16:58,PC-3411,Logon
03/09/2010 18:09:26,PC-3411,Logoff
03/09/2010 19:07:00,PC-3778,Logoff
03/10/2010 09:12:00,PC-3778,Logon
03/10/2010 09:52:23,PC-1980,Logon
03/10/2010 10:42:52,PC-1980,Logoff
03/10/2010 19:17:00,PC-3778,Logoff
03/11/2010 09:27:00,PC-3778,Logon
03/11/2010 13:22:11,PC-3778,Logon
03/11/2010 19:05:00,PC-3778,Logoff
03/12/2010 09:12:00,PC-3778,Logon
03/12/2010 13:58:14,PC-3778,Logon
03/12/2010 19:23:00,PC-3778,Logoff
03/13/2010 09:08:00,PC-3778,Logon
03/13/2010 12:13:06,PC-3778,Logon
03/13/2010 19:24:00,PC-3778,Logoff
03/15/2010 09:24:00,PC-3778,Logon
03/15/2010 14:33:36,PC-3778,Logon
03/15/2010 19:14:00,PC-3778,Logoff
03/16/2010 09:16:00,PC-3778,Logon
03/16/2010 15:12:02,PC-3778,Logon
03/16/2010 19:30:00,PC-3778,Logoff
03/17/2010 09:05:00,PC-3778,Logon
03/17/2010 11:21:52,PC-3778,Logon
03/17/2010 12:46:58,PC-1980,Logon
03/17/2010 13:43:12,PC-1980,Logoff
03/17/2010 19:27:00,PC-3778,Logoff
03/18/2010 09:00:00,PC-3778,Logon
03/18/2010 18:15:53,PC-7852,Logon
03/18/2010 19:03:09,PC-7852,Logoff
03/18/2010 19:18:00,PC-3778,Logoff
03/19/2010 09:15:00,PC-3778,Logon
03/19/2010 13:13:42,PC-3778,Logon
03/19/2010 14:38:15,PC-5213,Logon
03/19/2010 15:26:15,PC-5213,Logoff
03/19/2010 19:26:00,PC-3778,Logoff
03/22/2010 09:14:00,PC-3778,Logon
03/22/2010 12:38:20,PC-3778,Logon
03/22/2010 19:18:00,PC-3778,Logoff
03/23/2010 09:21:00,PC-3778,Logon
03/23/2010 14:42:21,PC-3778,Logon
03/23/2010 19:10:00,PC-3778,Logoff
03/24/2010 09:17:00,PC-3778,Logon
03/24/2010 14:29:40,PC-3778,Logon
03/24/2010 19:10:00,PC-3778,Logoff
03/25/2010 09:11:00,PC-3778,Logon
03/25/2010 09:40:47,PC-6817,Logon
03/25/2010 09:49:40,PC-6817,Logoff
03/25/2010 19:12:00,PC-3778,Logoff
03/26/2010 09:02:00,PC-3778,Logon
03/26/2010 13:18:36,PC-3778,Logon
03/26/2010 19:16:00,PC-3778,Logoff
03/27/2010 09:14:00,PC-3778,Logon
03/27/2010 12:45:43,PC-3778,Logon
03/27/2010 19:23:00,PC-3778,Logoff
03/29/2010 09:25:00,PC-3778,Logon
03/29/2010 15:15:40,PC-3778,Logon
03/29/2010 19:08:00,PC-3778,Logoff
03/30/2010 09:08:00,PC-3778,Logon
03/30/2010 18:03:34,PC-3187,Logon
03/30/2010 18:39:24,PC-3187,Logoff
03/30/2010 19:28:00,PC-3778,Logoff
03/31/2010 09:03:00,PC-3778,Logon
03/31/2010 19:28:00,PC-3778,Logoff
04/01/2010 09:12:00,PC-3778,Logon
04/01/2010 13:07:37,PC-3778,Logon
04/01/2010 19:15:00,PC-3778,Logoff
04/05/2010 09:01:00,PC-3778,Logon
04/05/2010 13:18:33,PC-3778,Logon
04/05/2010 19:18:00,PC-3778,Logoff
04/06/2010 09:18:00,PC-3778,Logon
04/06/2010 14:09:43,PC-3778,Logon
04/06/2010 19:18:00,PC-3778,Logoff
04/07/2010 09:27:00,PC-3778,Logon
04/07/2010 14:41:04,PC-3778,Logon
04/07/2010 19:04:00,PC-3778,Logoff
04/08/2010 09:25:00,PC-3778,Logon
04/08/2010 13:47:34,PC-3778,Logon
04/08/2010 14:16:02,PC-4149,Logon
04/08/2010 14:19:39,PC-4149,Logoff
04/08/2010 19:11:00,PC-3778,Logoff
04/09/2010 09:10:00,PC-3778,Logon
04/09/2010 15:09:38,PC-3778,Logon
04/09/2010 17:01:50,PC-3002,Logon
04/09/2010 17:48:03,PC-3002,Logoff
04/09/2010 19:15:00,PC-3778,Logoff
04/10/2010 09:19:00,PC-3778,Logon
04/10/2010 13:03:58,PC-3778,Logon
04/10/2010 19:21:00,PC-3778,Logoff
04/12/2010 09:21:00,PC-3778,Logon
04/12/2010 14:59:21,PC-3778,Logon
04/12/2010 19:09:00,PC-3778,Logoff
04/13/2010 09:08:00,PC-3778,Logon
04/13/2010 09:39:15,PC-7229,Logon
04/13/2010 10:13:40,PC-7229,Logoff
04/13/2010 12:41:44,PC-3778,Logon
04/13/2010 19:28:00,PC-3778,Logoff
04/14/2010 09:20:00,PC-3778,Logon
04/14/2010 15:07:40,PC-3778,Logon
04/14/2010 19:12:00,PC-3778,Logoff
04/15/2010 09:10:00,PC-3778,Logon
04/15/2010 13:39:59,PC-3778,Logon
04/15/2010 19:10:00,PC-3778,Logoff
04/16/2010 09:24:00,PC-3778,Logon
04/16/2010 15:20:50,PC-3778,Logon
04/16/2010 19:04:00,PC-3778,Logoff
04/17/2010 09:26:00,PC-3778,Logon
04/17/2010 14:23:52,PC-3778,Logon
04/17/2010 19:15:00,PC-3778,Logoff
04/19/2010 09:27:00,PC-3778,Logon
04/19/2010 14:12:07,PC-3778,Logon
04/19/2010 19:21:00,PC-3778,Logoff
04/20/2010 09:18:00,PC-3778,Logon
04/20/2010 14:51:59,PC-3778,Logon
04/20/2010 19:06:00,PC-3778,Logoff
04/21/2010 09:03:00,PC-3778,Logon
04/21/2010 11:17:38,PC-2462,Logon
04/21/2010 12:09:31,PC-2462,Logoff
04/21/2010 13:27:35,PC-3778,Logon
04/21/2010 19:15:00,PC-3778,Logoff
04/22/2010 09:06:00,PC-3778,Logon
04/22/2010 14:50:31,PC-3778,Logon
04/22/2010 19:17:00,PC-3778,Logoff
04/23/2010 09:10:00,PC-3778,Logon
04/23/2010 13:16:45,PC-3778,Logon
04/23/2010 19:18:00,PC-3778,Logoff
04/24/2010 09:12:00,PC-3778,Logon
04/24/2010 12:23:40,PC-1186,Logon
04/24/2010 13:00:52,PC-1186,Logoff
04/24/2010 13:43:25,PC-3778,Logon
04/24/2010 19:17:00,PC-3778,Logoff
04/26/2010 09:21:00,PC-3778,Logon
04/26/2010 13:20:38,PC-3778,Logon
04/26/2010 19:15:00,PC-3778,Logoff
04/27/2010 09:01:00,PC-3778,Logon
04/27/2010 14:59:47,PC-3778,Logon
04/27/2010 16:49:34,PC-3964,Logon
04/27/2010 17:19:33,PC-3964,Logoff
04/27/2010 19:21:00,PC-3778,Logoff
04/28/2010 09:12:00,PC-3778,Logon
04/28/2010 14:59:27,PC-3778,Logon
04/28/2010 19:15:00,PC-3778,Logoff
04/29/2010 09:07:00,PC-3778,Logon
04/29/2010 14:56:52,PC-6455,Logon
04/29/2010 15:46:09,PC-6455,Logoff
04/29/2010 19:21:00,PC-3778,Logoff
04/30/2010 09:02:00,PC-3778,Logon
04/30/2010 13:56:21,PC-3778,Logon
04/30/2010 19:19:00,PC-3778,Logoff
05/01/2010 09:01:00,PC-3778,Logon
05/01/2010 12:39:22,PC-3778,Logon
05/01/2010 19:25:00,PC-3778,Logoff
05/03/2010 09:26:00,PC-3778,Logon
05/03/2010 14:21:58,PC-3778,Logon
05/03/2010 19:10:00,PC-3778,Logoff
05/04/2010 09:16:00,PC-3778,Logon
05/04/2010 13:51:52,PC-3778,Logon
05/04/2010 19:05:00,PC-3778,Logoff
05/05/2010 09:14:00,PC-3778,Logon
05/05/2010 11:23:04,PC-3778,Logon
05/05/2010 15:07:57,PC-9815,Logon
05/05/2010 16:03:08,PC-9815,Logoff
05/05/2010 19:23:00,PC-3778,Logoff
05/06/2010 09:14:00,PC-3778,Logon
05/06/2010 15:03:01,PC-3778,Logon
05/06/2010 17:12:15,PC-3999,Logon
05/06/2010 17:52:28,PC-3999,Logoff
05/06/2010 19:17:00,PC-3778,Logoff
05/07/2010 09:16:00,PC-3778,Logon
05/07/2010 13:00:56,PC-3778,Logon
05/07/2010 14:05:38,PC-6914,Logon
05/07/2010 14:10:38,PC-6914,Logoff
05/07/2010 19:16:00,PC-3778,Logoff
05/08/2010 09:21:00,PC-3778,Logon
05/08/2010 09:50:31,PC-2939,Logon
05/08/2010 10:27:56,PC-2939,Logoff
05/08/2010 14:18:04,PC-3778,Logon
05/08/2010 19:28:00,PC-3778,Logoff
05/10/2010 09:06:00,PC-3778,Logon
05/10/2010 14:47:52,PC-3778,Logon
05/10/2010 19:22:00,PC-3778,Logoff
05/11/2010 09:09:00,PC-3778,Logon
05/11/2010 12:42:57,PC-3778,Logon
05/11/2010 19:27:00,PC-3778,Logoff
05/12/2010 09:07:00,PC-3778,Logon
05/12/2010 15:20:09,PC-5745,Logon
05/12/2010 15:41:50,PC-5745,Logoff
05/12/2010 19:22:00,PC-3778,Logoff
05/13/2010 09:22:00,PC-3778,Logon
05/13/2010 15:16:17,PC-3778,Logon
05/13/2010 19:03:00,PC-3778,Logoff
05/14/2010 09:06:00,PC-3778,Logon
05/14/2010 14:15:44,PC-3778,Logon
05/14/2010 16:11:12,PC-7870,Logon
05/14/2010 16:33:35,PC-7870,Logoff
05/14/2010 19:20:00,PC-3778,Logoff
05/17/2010 09:07:00,PC-3778,Logon
05/17/2010 19:30:00,PC-3778,Logoff
05/18/2010 09:12:00,PC-3778,Logon
05/18/2010 14:30:57,PC-3778,Logon
05/18/2010 19:05:00,PC-3778,Logoff
05/19/2010 09:07:00,PC-3778,Logon
05/19/2010 11:32:19,PC-1942,Logon
05/19/2010 11:34:22,PC-1942,Logoff
05/19/2010 12:15:00,PC-3778,Logon
05/19/2010 19:24:00,PC-3778,Logoff
05/20/2010 09:26:00,PC-3778,Logon
05/20/2010 13:00:07,PC-3778,Logon
05/20/2010 19:14:00,PC-3778,Logoff
05/21/2010 09:25:00,PC-3778,Logon
05/21/2010 13:00:00,PC-3778,Logon
05/21/2010 19:10:00,PC-3778,Logoff
05/22/2010 09:21:00,PC-3778,Logon
05/22/2010 12:45:15,PC-3778,Logon
05/22/2010 19:09:00,PC-3778,Logoff
05/24/2010 09:27:00,PC-3778,Logon
05/24/2010 13:26:30,PC-3778,Logon
05/24/2010 19:13:00,PC-3778,Logoff
05/25/2010 09:26:00,PC-3778,Logon
05/25/2010 11:43:59,PC-4066,Logon
05/25/2010 11:52:36,PC-4066,Logoff
05/25/2010 19:11:00,PC-3778,Logoff
05/26/2010 09:10:00,PC-3778,Logon
05/26/2010 19:24:00,PC-3778,Logoff
05/27/2010 09:27:00,PC-3778,Logon
05/27/2010 19:18:00,PC-3778,Logoff
05/28/2010 09:20:00,PC-3778,Logon
05/28/2010 14:08:57,PC-3778,Logon
05/28/2010 19:12:00,PC-3778,Logoff
05/30/2010 09:07:00,PC-3778,Logon
05/30/2010 11:10:24,PC-3778,Logon
05/30/2010 19:25:00,PC-3778,Logoff
06/01/2010 09:02:00,PC-3778,Logon
06/01/2010 16:46:46,PC-9507,Logon
06/01/2010 16:55:42,PC-9507,Logoff
06/01/2010 19:23:00,PC-3778,Logoff
06/02/2010 09:21:00,PC-3778,Logon
06/02/2010 11:33:10,PC-3778,Logon
06/02/2010 19:09:00,PC-3778,Logoff
06/03/2010 09:16:00,PC-3778,Logon
06/03/2010 13:34:13,PC-3778,Logon
06/03/2010 19:05:00,PC-3778,Logoff
06/04/2010 09:13:00,PC-3778,Logon
06/04/2010 13:04:02,PC-3778,Logon
06/04/2010 19:29:00,PC-3778,Logoff
06/05/2010 09:04:00,PC-3778,Logon
06/05/2010 16:21:24,PC-4652,Logon
06/05/2010 16:36:58,PC-4652,Logoff
06/05/2010 19:21:00,PC-3778,Logoff
06/06/2010 09:15:00,PC-3778,Logon
06/06/2010 18:01:53,PC-2761,Logon
06/06/2010 18:16:18,PC-2761,Logoff
06/06/2010 19:24:00,PC-3778,Logoff
06/07/2010 09:25:00,PC-3778,Logon
06/07/2010 14:05:10,PC-3778,Logon
06/07/2010 19:15:00,PC-3778,Logoff
06/08/2010 09:08:00,PC-3778,Logon
06/08/2010 11:30:44,PC-2865,Logon
06/08/2010 12:17:34,PC-2865,Logoff
06/08/2010 14:36:12,PC-3778,Logon
06/08/2010 19:18:00,PC-3778,Logoff
06/09/2010 09:16:00,PC-3778,Logon
06/09/2010 12:19:26,PC-3778,Logon
06/09/2010 19:03:00,PC-3778,Logoff
06/10/2010 09:19:00,PC-3778,Logon
06/10/2010 13:32:03,PC-3778,Logon
06/10/2010 19:13:00,PC-3778,Logoff
06/11/2010 09:23:00,PC-3778,Logon
06/11/2010 14:14:40,PC-3778,Logon
06/11/2010 19:13:00,PC-3778,Logoff
06/12/2010 09:15:00,PC-3778,Logon
06/12/2010 14:30:36,PC-3778,Logon
06/12/2010 19:08:00,PC-3778,Logoff
06/13/2010 09:24:00,PC-3778,Logon
06/13/2010 18:44:46,PC-3120,Logon
06/13/2010 18:50:24,PC-3120,Logoff
06/13/2010 19:15:00,PC-3778,Logoff
06/14/2010 09:20:00,PC-3778,Logon
06/14/2010 12:58:36,PC-3778,Logon
06/14/2010 19:10:00,PC-3778,Logoff
06/15/2010 09:23:00,PC-3778,Logon
06/15/2010 12:47:18,PC-3778,Logon
06/15/2010 19:12:00,PC-3778,Logoff
06/16/2010 09:22:00,PC-3778,Logon
06/16/2010 15:06:02,PC-3778,Logon
06/16/2010 19:03:00,PC-3778,Logoff
06/17/2010 09:19:00,PC-3778,Logon
06/17/2010 12:07:56,PC-3778,Logon
06/17/2010 19:15:00,PC-3778,Logoff
06/18/2010 09:12:00,PC-3778,Logon
06/18/2010 09:50:09,PC-1719,Logon
06/18/2010 10:16:09,PC-1719,Logoff
06/18/2010 19:22:00,PC-3778,Logoff
06/20/2010 09:16:00,PC-3778,Logon
06/20/2010 14:53:43,PC-3778,Logon
06/20/2010 19:29:00,PC-3778,Logoff
06/21/2010 09:05:00,PC-3778,Logon
06/21/2010 13:27:25,PC-3778,Logon
06/21/2010 19:22:00,PC-3778,Logoff
06/22/2010 09:18:00,PC-3778,Logon
06/22/2010 12:37:52,PC-3778,Logon
06/22/2010 19:09:00,PC-3778,Logoff
06/23/2010 09:25:00,PC-3778,Logon
06/23/2010 15:08:23,PC-3778,Logon
06/23/2010 19:14:00,PC-3778,Logoff
06/24/2010 09:13:00,PC-3778,Logon
06/24/2010 12:50:26,PC-6473,Logon
06/24/2010 13:02:43,PC-6473,Logoff
06/24/2010 14:32:34,PC-3778,Logon
06/24/2010 19:30:00,PC-3778,Logoff
06/25/2010 09:27:00,PC-3778,Logon
06/25/2010 13:10:51,PC-3778,Logon
06/25/2010 19:05:00,PC-3778,Logoff
06/28/2010 09:26:00,PC-3778,Logon
06/28/2010 14:26:00,PC-3769,Logon
06/28/2010 15:23:15,PC-3769,Logoff
06/28/2010 19:04:00,PC-3778,Logoff
06/29/2010 09:02:00,PC-3778,Logon
06/29/2010 14:12:45,PC-3778,Logon
06/29/2010 19:08:00,PC-3778,Logoff
06/30/2010 09:12:00,PC-3778,Logon
06/30/2010 19:19:00,PC-3778,Logoff
07/01/2010 09:14:00,PC-3778,Logon
07/01/2010 14:05:48,PC-3778,Logon
07/01/2010 19:28:00,PC-3778,Logoff
07/02/2010 09:17:00,PC-3778,Logon
07/02/2010 14:37:53,PC-3778,Logon
07/02/2010 19:06:00,PC-3778,Logoff
07/04/2010 09:01:00,PC-3778,Logon
07/04/2010 11:09:50,PC-8382,Logon
07/04/2010 11:55:11,PC-8382,Logoff
07/04/2010 13:04:58,PC-3778,Logon
07/04/2010 19:15:00,PC-3778,Logoff
07/05/2010 09:18:00,PC-3778,Logon
07/05/2010 14:54:27,PC-3778,Logon
07/05/2010 19:21:00,PC-3778,Logoff
07/06/2010 09:10:00,PC-3778,Logon
07/06/2010 14:26:26,PC-3778,Logon
07/06/2010 19:25:00,PC-3778,Logoff
07/07/2010 09:07:00,PC-3778,Logon
07/07/2010 16:40:33,PC-0701,Logon
07/07/2010 17:05:56,PC-0701,Logoff
07/07/2010 19:16:00,PC-3778,Logoff
07/08/2010 09:20:00,PC-3778,Logon
07/08/2010 14:46:37,PC-3778,Logon
07/08/2010 19:05:00,PC-3778,Logoff
07/09/2010 09:14:00,PC-3778,Logon
07/09/2010 14:48:40,PC-4523,Logon
07/09/2010 15:44:37,PC-4523,Logoff
07/09/2010 19:18:00,PC-3778,Logoff
07/11/2010 09:16:00,PC-3778,Logon
07/11/2010 11:56:54,PC-3778,Logon
07/11/2010 19:15:00,PC-3778,Logoff
07/12/2010 09:14:00,PC-3778,Logon
07/12/2010 13:40:38,PC-9123,Logon
07/12/2010 14:07:22,PC-9123,Logoff
07/12/2010 19:28:00,PC-3778,Logoff
07/13/2010 09:00:00,PC-3778,Logon
07/13/2010 19:15:00,PC-3778,Logoff
07/14/2010 09:23:00,PC-3778,Logon
07/14/2010 14:45:43,PC-3778,Logon
07/14/2010 19:25:00,PC-3778,Logoff
07/15/2010 09:00:00,PC-3778,Logon
07/15/2010 15:59:53,PC-9709,Logon
07/15/2010 16:26:44,PC-9709,Logoff
07/15/2010 19:20:00,PC-3778,Logoff
07/16/2010 09:24:00,PC-3778,Logon
07/16/2010 14:05:08,PC-3778,Logon
07/16/2010 19:12:00,PC-3778,Logoff
07/17/2010 09:20:00,PC-3778,Logon
07/17/2010 13:47:58,PC-3778,Logon
07/17/2010 19:05:00,PC-3778,Logoff
07/18/2010 09:17:00,PC-3778,Logon
07/18/2010 13:37:15,PC-3778,Logon
07/18/2010 19:14:00,PC-3778,Logoff
07/19/2010 09:17:00,PC-3778,Logon
07/19/2010 14:34:57,PC-3778,Logon
07/19/2010 19:03:00,PC-3778,Logoff
07/20/2010 09:26:00,PC-3778,Logon
07/20/2010 15:20:10,PC-3778,Logon
07/20/2010 19:05:00,PC-3778,Logoff
07/21/2010 09:22:00,PC-3778,Logon
07/21/2010 14:21:44,PC-3778,Logon
07/21/2010 19:08:00,PC-3778,Logoff
07/22/2010 09:17:00,PC-3778,Logon
07/22/2010 14:12:37,PC-3778,Logon
07/22/2010 19:10:00,PC-3778,Logoff
07/23/2010 09:21:00,PC-3778,Logon
07/23/2010 19:13:00,PC-3778,Logoff
07/25/2010 09:12:00,PC-3778,Logon
07/25/2010 13:03:24,PC-3778,Logon
07/25/2010 19:23:00,PC-3778,Logoff
07/26/2010 09:02:00,PC-3778,Logon
07/26/2010 16:05:09,PC-4834,Logon
07/26/2010 16:54:01,PC-4834,Logoff
07/26/2010 19:15:00,PC-3778,Logoff
07/27/2010 09:22:00,PC-3778,Logon
07/27/2010 15:14:33,PC-3778,Logon
07/27/2010 19:11:00,PC-3778,Logoff
07/28/2010 09:06:00,PC-3778,Logon
07/28/2010 12:26:22,PC-3778,Logon
07/28/2010 19:16:00,PC-3778,Logoff
07/29/2010 09:21:00,PC-3778,Logon
07/29/2010 12:15:34,PC-3778,Logon
07/29/2010 19:08:00,PC-3778,Logoff
07/30/2010 09:10:00,PC-3778,Logon
07/30/2010 11:45:03,PC-3778,Logon
07/30/2010 19:19:30,PC-6348,Logon
07/30/2010 19:21:38,PC-6348,Logoff
07/30/2010 19:24:00,PC-3778,Logoff
07/31/2010 09:00:00,PC-3778,Logon
07/31/2010 11:53:34,PC-9211,Logon
07/31/2010 12:16:32,PC-9211,Logoff
07/31/2010 13:11:41,PC-3778,Logon
07/31/2010 19:28:00,PC-3778,Logoff
08/02/2010 09:12:00,PC-3778,Logon
08/02/2010 09:51:24,PC-0701,Logon
08/02/2010 10:42:04,PC-0701,Logoff
08/02/2010 19:06:00,PC-3778,Logoff
08/03/2010 09:21:00,PC-3778,Logon
08/03/2010 15:03:04,PC-3778,Logon
08/03/2010 19:14:00,PC-3778,Logoff
08/04/2010 09:15:00,PC-3778,Logon
08/04/2010 12:01:58,PC-3778,Logon
08/04/2010 19:19:00,PC-3778,Logoff
08/05/2010 09:06:00,PC-3778,Logon
08/05/2010 13:41:23,PC-3778,Logon
08/05/2010 19:30:00,PC-3778,Logoff
08/06/2010 09:04:00,PC-3778,Logon
08/06/2010 13:45:40,PC-3778,Logon
08/06/2010 19:27:00,PC-3778,Logoff
08/07/2010 09:15:00,PC-3778,Logon
08/07/2010 13:48:39,PC-3778,Logon
08/07/2010 19:07:00,PC-3778,Logoff
08/08/2010 09:20:00,PC-3778,Logon
08/08/2010 13:41:25,PC-3778,Logon
08/08/2010 19:13:00,PC-3778,Logoff
08/09/2010 09:25:00,PC-3778,Logon
08/09/2010 14:26:21,PC-3778,Logon
08/09/2010 19:14:00,PC-3778,Logoff
08/10/2010 09:26:00,PC-3778,Logon
08/10/2010 15:24:03,PC-4149,Logon
08/10/2010 15:47:44,PC-4149,Logoff
08/10/2010 19:22:00,PC-3778,Logoff
08/11/2010 09:00:00,PC-3778,Logon
08/11/2010 14:34:08,PC-3778,Logon
08/11/2010 19:26:00,PC-3778,Logoff
08/12/2010 09:03:00,PC-3778,Logon
08/12/2010 14:23:20,PC-9746,Logon
08/12/2010 15:22:48,PC-9746,Logoff
08/12/2010 19:29:00,PC-3778,Logoff
08/13/2010 09:10:00,PC-3778,Logon
08/13/2010 14:15:48,PC-3778,Logon
08/13/2010 19:30:00,PC-3778,Logoff
08/14/2010 09:00:00,PC-3778,Logon
08/14/2010 12:56:21,PC-8098,Logon
08/14/2010 13:11:50,PC-8098,Logoff
08/14/2010 19:10:00,PC-3778,Logoff
08/15/2010 09:11:00,PC-3778,Logon
08/15/2010 14:28:35,PC-3778,Logon
08/15/2010 19:28:00,PC-3778,Logoff
08/16/2010 09:01:00,PC-3778,Logon
08/16/2010 13:11:34,PC-3778,Logon
08/16/2010 19:25:00,PC-3778,Logoff
08/17/2010 09:16:00,PC-3778,Logon
08/17/2010 14:32:33,PC-3778,Logon
08/17/2010 19:13:00,PC-3778,Logoff
08/18/2010 09:12:00,PC-3778,Logon
08/18/2010 13:40:33,PC-3778,Logon
08/18/2010 19:17:00,PC-3778,Logoff
08/19/2010 09:20:00,PC-3778,Logon
08/19/2010 14:39:50,PC-3778,Logon
08/19/2010 19:06:00,PC-3778,Logoff
08/20/2010 09:21:00,PC-3778,Logon
08/20/2010 15:09:32,PC-3778,Logon
08/20/2010 19:13:00,PC-3778,Logoff
08/23/2010 09:19:00,PC-3778,Logon
08/23/2010 14:33:20,PC-3778,Logon
08/23/2010 19:13:00,PC-3778,Logoff
08/24/2010 09:14:00,PC-3778,Logon
08/24/2010 13:39:56,PC-3778,Logon
08/24/2010 19:16:00,PC-3778,Logoff
08/25/2010 09:14:00,PC-3778,Logon
08/25/2010 12:44:25,PC-4703,Logon
08/25/2010 12:46:16,PC-4703,Logoff
08/25/2010 14:44:23,PC-3778,Logon
08/25/2010 19:19:00,PC-3778,Logoff
08/26/2010 09:07:00,PC-3778,Logon
08/26/2010 15:06:38,PC-3778,Logon
08/26/2010 19:24:00,PC-3778,Logoff
08/27/2010 09:05:00,PC-3778,Logon
08/27/2010 13:45:22,PC-3778,Logon
08/27/2010 19:28:00,PC-3778,Logoff
08/29/2010 09:11:00,PC-3778,Logon
08/29/2010 19:18:00,PC-3778,Logoff
08/30/2010 09:13:00,PC-3778,Logon
08/30/2010 18:47:20,PC-2294,Logon
08/30/2010 19:00:18,PC-2294,Logoff
08/30/2010 19:18:00,PC-3778,Logoff
08/31/2010 09:01:00,PC-3778,Logon
08/31/2010 19:15:00,PC-3778,Logoff
09/01/2010 09:15:00,PC-3778,Logon
09/01/2010 15:03:07,PC-3778,Logon
09/01/2010 19:06:00,PC-3778,Logoff
09/02/2010 09:21:00,PC-3778,Logon
09/02/2010 12:28:26,PC-3778,Logon
09/02/2010 19:11:00,PC-3778,Logoff
09/03/2010 09:07:00,PC-3778,Logon
09/03/2010 11:47:39,PC-7918,Logon
09/03/2010 12:13:15,PC-7918,Logoff
09/03/2010 14:38:36,PC-3778,Logon
09/03/2010 19:15:00,PC-3778,Logoff
09/04/2010 09:17:00,PC-3778,Logon
09/04/2010 19:15:00,PC-3778,Logoff
09/05/2010 09:08:00,PC-3778,Logon
09/05/2010 09:54:35,PC-0455,Logon
09/05/2010 10:19:51,PC-0455,Logoff
09/05/2010 19:23:00,PC-3778,Logoff
09/07/2010 09:15:00,PC-3778,Logon
09/07/2010 14:25:04,PC-3778,Logon
09/07/2010 19:19:00,PC-3778,Logoff
09/08/2010 09:27:00,PC-3778,Logon
09/08/2010 15:16:56,PC-3778,Logon
09/08/2010 19:13:00,PC-3778,Logoff
09/09/2010 09:02:00,PC-3778,Logon
09/09/2010 11:52:38,PC-3778,Logon
09/09/2010 19:30:00,PC-3778,Logoff
09/10/2010 09:27:00,PC-3778,Logon
09/10/2010 12:39:41,PC-6551,Logon
09/10/2010 13:26:01,PC-6551,Logoff
09/10/2010 19:08:00,PC-3778,Logoff
09/12/2010 09:17:00,PC-3778,Logon
09/12/2010 13:58:56,PC-3778,Logon
09/12/2010 19:03:00,PC-3778,Logoff
09/13/2010 09:18:00,PC-3778,Logon
09/13/2010 12:15:26,PC-6869,Logon
09/13/2010 12:43:15,PC-6869,Logoff
09/13/2010 14:46:58,PC-3778,Logon
09/13/2010 19:26:00,PC-3778,Logoff
09/14/2010 09:05:00,PC-3778,Logon
09/14/2010 11:50:02,PC-3499,Logon
09/14/2010 12:44:22,PC-3499,Logoff
09/14/2010 19:21:00,PC-3778,Logoff
09/15/2010 09:24:00,PC-3778,Logon
09/15/2010 14:24:45,PC-3778,Logon
09/15/2010 19:09:00,PC-3778,Logoff
09/16/2010 09:15:00,PC-3778,Logon
09/16/2010 15:07:55,PC-6627,Logon
09/16/2010 15:55:45,PC-6627,Logoff
09/16/2010 19:23:00,PC-3778,Logoff
09/17/2010 09:06:00,PC-3778,Logon
09/17/2010 15:05:00,PC-3778,Logon
09/17/2010 19:08:00,PC-3778,Logoff
09/18/2010 09:00:00,PC-3778,Logon
09/18/2010 15:04:16,PC-8295,Logon
09/18/2010 15:18:30,PC-8295,Logoff
09/18/2010 19:14:00,PC-3778,Logoff
09/20/2010 09:18:00,PC-3778,Logon
09/20/2010 19:06:00,PC-3778,Logoff
09/21/2010 09:08:00,PC-3778,Logon
09/21/2010 12:38:39,PC-3778,Logon
09/21/2010 19:19:00,PC-3778,Logoff
09/22/2010 09:10:00,PC-3778,Logon
09/22/2010 11:55:11,PC-6533,Logon
09/22/2010 12:26:40,PC-6533,Logoff
09/22/2010 19:16:00,PC-3778,Logoff
09/23/2010 09:19:00,PC-3778,Logon
09/23/2010 10:48:38,PC-7150,Logon
09/23/2010 11:19:34,PC-7150,Logoff
09/23/2010 19:23:00,PC-3778,Logoff
09/24/2010 09:23:00,PC-3778,Logon
09/24/2010 14:17:44,PC-3778,Logon
09/24/2010 19:06:00,PC-3778,Logoff
09/27/2010 09:14:00,PC-3778,Logon
09/27/2010 12:11:29,PC-1578,Logon
09/27/2010 12:59:04,PC-1578,Logoff
09/27/2010 19:17:00,PC-3778,Logoff
09/28/2010 09:06:00,PC-3778,Logon
09/28/2010 09:34:14,PC-8241,Logon
09/28/2010 09:58:10,PC-8241,Logoff
09/28/2010 19:18:00,PC-3778,Logoff
09/29/2010 09:15:00,PC-3778,Logon
09/29/2010 13:58:04,PC-3778,Logon
09/29/2010 19:23:00,PC-3778,Logoff
09/30/2010 09:20:00,PC-3778,Logon
09/30/2010 12:02:15,PC-3778,Logon
09/30/2010 17:40:53,PC-8624,Logon
09/30/2010 18:28:09,PC-8624,Logoff
09/30/2010 19:10:00,PC-3778,Logoff
10/01/2010 09:18:00,PC-3778,Logon
10/01/2010 14:21:24,PC-3778,Logon
10/01/2010 19:14:00,PC-3778,Logoff
10/04/2010 09:20:00,PC-3778,Logon
10/04/2010 14:04:44,PC-3778,Logon
10/04/2010 19:03:00,PC-3778,Logoff
10/05/2010 09:12:00,PC-3778,Logon
10/05/2010 12:05:49,PC-3778,Logon
10/05/2010 19:13:00,PC-3778,Logoff
10/06/2010 09:05:00,PC-3778,Logon
10/06/2010 13:41:35,PC-6652,Logon
10/06/2010 13:57:29,PC-6652,Logoff
10/06/2010 14:31:41,PC-3778,Logon
10/06/2010 19:30:00,PC-3778,Logoff
10/07/2010 09:12:00,PC-3778,Logon
10/07/2010 14:39:57,PC-3778,Logon
10/07/2010 18:18:33,PC-6652,Logon
10/07/2010 18:21:32,PC-6652,Logoff
10/07/2010 19:24:00,PC-3778,Logoff
10/08/2010 09:24:00,PC-3778,Logon
10/08/2010 13:22:24,PC-3778,Logon
10/08/2010 19:05:00,PC-3778,Logoff
10/09/2010 09:03:00,PC-3778,Logon
10/09/2010 13:53:08,PC-4412,Logon
10/09/2010 14:01:51,PC-4412,Logoff
10/09/2010 19:19:00,PC-3778,Logoff
10/11/2010 09:15:00,PC-3778,Logon
10/11/2010 11:11:37,PC-9342,Logon
10/11/2010 11:26:18,PC-9342,Logoff
10/11/2010 14:04:55,PC-3778,Logon
10/11/2010 19:03:00,PC-3778,Logoff
10/12/2010 09:13:00,PC-3778,Logon
10/12/2010 14:25:52,PC-3778,Logon
10/12/2010 19:08:00,PC-3778,Logoff
10/13/2010 09:15:00,PC-3778,Logon
10/13/2010 12:38:22,PC-3344,Logon
10/13/2010 13:06:58,PC-3344,Logoff
10/13/2010 19:20:00,PC-3778,Logoff
10/14/2010 09:05:00,PC-3778,Logon
10/14/2010 17:42:10,PC-0448,Logon
10/14/2010 18:19:02,PC-0448,Logoff
10/14/2010 19:27:00,PC-3778,Logoff
10/15/2010 09:22:00,PC-3778,Logon
10/15/2010 14:43:52,PC-3778,Logon
10/15/2010 19:09:00,PC-3778,Logoff
10/17/2010 09:23:00,PC-3778,Logon
10/17/2010 15:02:26,PC-3778,Logon
10/17/2010 19:04:00,PC-3778,Logoff
10/18/2010 09:26:00,PC-3778,Logon
10/18/2010 13:49:13,PC-3778,Logon
10/18/2010 19:09:00,PC-3778,Logoff
10/19/2010 09:02:00,PC-3778,Logon
10/19/2010 17:04:20,PC-4202,Logon
10/19/2010 17:21:51,PC-4202,Logoff
10/19/2010 19:09:00,PC-3778,Logoff
10/20/2010 09:15:00,PC-3778,Logon
10/20/2010 13:52:35,PC-3778,Logon
10/20/2010 19:04:00,PC-3778,Logoff
10/21/2010 09:08:00,PC-3778,Logon
10/21/2010 14:50:02,PC-3778,Logon
10/21/2010 19:27:00,PC-3778,Logoff
10/22/2010 09:17:00,PC-3778,Logon
10/22/2010 14:12:28,PC-3778,Logon
10/22/2010 19:12:00,PC-3778,Logoff
10/25/2010 09:12:00,PC-3778,Logon
10/25/2010 12:30:07,PC-7219,Logon
10/25/2010 13:21:13,PC-7219,Logoff
10/25/2010 19:30:00,PC-3778,Logoff
10/26/2010 09:24:00,PC-3778,Logon
10/26/2010 12:18:42,PC-3778,Logon
10/26/2010 19:12:00,PC-3778,Logoff
10/27/2010 09:21:00,PC-3778,Logon
10/27/2010 12:09:39,PC-3778,Logon
10/27/2010 19:04:00,PC-3778,Logoff
10/28/2010 09:17:00,PC-3778,Logon
10/28/2010 19:28:00,PC-3778,Logoff
10/29/2010 09:23:00,PC-3778,Logon
10/29/2010 13:51:52,PC-3778,Logon
10/29/2010 19:13:00,PC-3778,Logoff
11/01/2010 09:15:00,PC-3778,Logon
11/01/2010 14:46:15,PC-3778,Logon
11/01/2010 19:03:00,PC-3778,Logoff
11/02/2010 09:21:00,PC-3778,Logon
11/02/2010 14:14:30,PC-3778,Logon
11/02/2010 19:07:00,PC-3778,Logoff
11/03/2010 09:03:00,PC-3778,Logon
11/03/2010 14:20:33,PC-3778,Logon
11/03/2010 14:20:46,PC-3864,Logon
11/03/2010 15:04:18,PC-3864,Logoff
11/03/2010 19:28:00,PC-3778,Logoff
11/04/2010 09:17:00,PC-3778,Logon
11/04/2010 14:07:55,PC-3778,Logon
11/04/2010 19:05:00,PC-3778,Logoff
11/05/2010 09:23:00,PC-3778,Logon
11/05/2010 14:35:47,PC-3778,Logon
11/05/2010 19:14:00,PC-3778,Logoff
11/08/2010 09:24:00,PC-3778,Logon
11/08/2010 14:09:05,PC-3778,Logon
11/08/2010 19:22:00,PC-3778,Logoff
11/09/2010 09:15:00,PC-3778,Logon
11/09/2010 19:22:00,PC-3778,Logoff
11/10/2010 09:26:00,PC-3778,Logon
11/10/2010 14:13:10,PC-3778,Logon
11/10/2010 19:03:00,PC-3778,Logoff
11/11/2010 09:18:00,PC-3778,Logon
11/11/2010 11:54:32,PC-0460,Logon
11/11/2010 12:23:17,PC-0460,Logoff
11/11/2010 19:06:00,PC-3778,Logoff
11/12/2010 09:02:00,PC-3778,Logon
11/12/2010 14:15:09,PC-3778,Logon
11/12/2010 19:18:00,PC-3778,Logoff
11/13/2010 09:15:00,PC-3778,Logon
11/13/2010 14:20:32,PC-3778,Logon
11/13/2010 19:04:00,PC-3778,Logoff
11/14/2010 09:06:00,PC-3778,Logon
11/14/2010 15:00:26,PC-3778,Logon
11/14/2010 19:25:00,PC-3778,Logoff
11/15/2010 09:24:00,PC-3778,Logon
11/15/2010 14:56:24,PC-3778,Logon
11/15/2010 19:14:00,PC-3778,Logoff
11/16/2010 09:16:00,PC-3778,Logon
11/16/2010 09:55:57,PC-0878,Logon
11/16/2010 10:11:15,PC-0878,Logoff
11/16/2010 19:13:00,PC-3778,Logoff
11/17/2010 09:25:00,PC-3778,Logon
11/17/2010 15:45:55,PC-6348,Logon
11/17/2010 16:02:09,PC-6348,Logoff
11/17/2010 19:20:00,PC-3778,Logoff
11/18/2010 09:23:00,PC-3778,Logon
11/18/2010 13:32:50,PC-3778,Logon
11/18/2010 19:09:00,PC-3778,Logoff
11/19/2010 09:17:00,PC-3778,Logon
11/19/2010 12:39:14,PC-3778,Logon
11/19/2010 19:15:00,PC-3778,Logoff
11/20/2010 09:27:00,PC-3778,Logon
11/20/2010 14:39:37,PC-3778,Logon
11/20/2010 19:09:00,PC-3778,Logoff
11/21/2010 09:07:00,PC-3778,Logon
11/21/2010 13:33:35,PC-3057,Logon
11/21/2010 13:52:03,PC-3057,Logoff
11/21/2010 19:20:00,PC-3778,Logoff
11/22/2010 09:24:00,PC-3778,Logon
11/22/2010 10:24:14,PC-6618,Logon
11/22/2010 10:34:58,PC-6618,Logoff
11/22/2010 19:30:00,PC-3778,Logoff
11/23/2010 09:01:00,PC-3778,Logon
11/23/2010 14:18:15,PC-3778,Logon
11/23/2010 19:19:00,PC-3778,Logoff
11/24/2010 09:05:00,PC-3778,Logon
11/24/2010 09:44:30,PC-5588,Logon
11/24/2010 10:38:17,PC-5588,Logoff
11/24/2010 19:07:00,PC-3778,Logoff
11/26/2010 09:01:00,PC-3778,Logon
11/26/2010 12:48:18,PC-3778,Logon
11/26/2010 19:15:00,PC-3778,Logoff
11/28/2010 09:05:00,PC-3778,Logon
11/28/2010 16:10:54,PC-4776,Logon
11/28/2010 16:16:34,PC-4776,Logoff
11/28/2010 19:18:00,PC-3778,Logoff
11/29/2010 09:13:00,PC-3778,Logon
11/29/2010 14:53:45,PC-3778,Logon
11/29/2010 19:21:00,PC-3778,Logoff
11/30/2010 09:06:00,PC-3778,Logon
11/30/2010 12:14:28,PC-3778,Logon
11/30/2010 19:14:00,PC-3778,Logoff
12/01/2010 09:08:00,PC-3778,Logon
12/01/2010 15:05:27,PC-3778,Logon
12/01/2010 19:27:00,PC-3778,Logoff
12/02/2010 09:03:00,PC-3778,Logon
12/02/2010 14:30:51,PC-3778,Logon
12/02/2010 19:25:00,PC-3778,Logoff
12/03/2010 09:07:00,PC-3778,Logon
12/03/2010 11:40:24,PC-3778,Logon
12/03/2010 19:30:00,PC-3778,Logoff
12/04/2010 09:03:00,PC-3778,Logon
12/04/2010 14:51:07,PC-3778,Logon
12/04/2010 18:12:50,PC-4928,Logon
12/04/2010 18:30:31,PC-4928,Logoff
12/04/2010 19:16:00,PC-3778,Logoff
12/05/2010 09:27:00,PC-3778,Logon
12/05/2010 14:42:52,PC-3778,Logon
12/05/2010 19:11:00,PC-3778,Logoff
12/06/2010 09:20:00,PC-3778,Logon
12/06/2010 19:13:00,PC-3778,Logoff
12/07/2010 09:13:00,PC-3778,Logon
12/07/2010 14:37:34,PC-3778,Logon
12/07/2010 19:09:00,PC-3778,Logoff
12/08/2010 09:07:00,PC-3778,Logon
12/08/2010 14:40:51,PC-3778,Logon
12/08/2010 19:22:00,PC-3778,Logoff
12/09/2010 09:23:00,PC-3778,Logon
12/09/2010 13:36:48,PC-3778,Logon
12/09/2010 19:07:00,PC-3778,Logoff
12/10/2010 09:24:00,PC-3778,Logon
12/10/2010 13:37:35,PC-3778,Logon
12/10/2010 19:03:00,PC-3778,Logoff
12/12/2010 09:00:00,PC-3778,Logon
12/12/2010 14:35:17,PC-3778,Logon
12/12/2010 19:17:00,PC-3778,Logoff
12/13/2010 09:15:00,PC-3778,Logon
12/13/2010 12:16:04,PC-3778,Logon
12/13/2010 19:12:00,PC-3778,Logoff
12/14/2010 09:27:00,PC-3778,Logon
12/14/2010 13:50:28,PC-3778,Logon
12/14/2010 19:07:00,PC-3778,Logoff
12/15/2010 09:22:00,PC-3778,Logon
12/15/2010 14:51:09,PC-4652,Logon
12/15/2010 14:53:44,PC-4652,Logoff
12/15/2010 19:07:00,PC-3778,Logoff
12/16/2010 09:20:00,PC-3778,Logon
12/16/2010 13:29:30,PC-3778,Logon
12/16/2010 19:12:00,PC-3778,Logoff
12/17/2010 09:21:00,PC-3778,Logon
12/17/2010 14:34:27,PC-3778,Logon
12/17/2010 19:03:00,PC-3778,Logoff
12/20/2010 09:25:00,PC-3778,Logon
12/20/2010 14:02:52,PC-3778,Logon
12/20/2010 19:13:00,PC-3778,Logoff
12/21/2010 09:14:00,PC-3778,Logon
12/21/2010 14:50:09,PC-3778,Logon
12/21/2010 19:24:00,PC-3778,Logoff
12/22/2010 09:20:00,PC-3778,Logon
12/22/2010 12:55:12,PC-3778,Logon
12/22/2010 19:07:00,PC-3778,Logoff
12/25/2010 09:02:00,PC-3778,Logon
12/25/2010 19:07:00,PC-3778,Logoff
12/26/2010 09:15:00,PC-3778,Logon
12/26/2010 12:44:41,PC-3778,Logon
12/26/2010 19:10:00,PC-3778,Logoff
12/27/2010 09:06:00,PC-3778,Logon
12/27/2010 14:39:30,PC-3778,Logon
12/27/2010 19:19:00,PC-3778,Logoff
12/28/2010 09:20:00,PC-3778,Logon
12/28/2010 14:53:55,PC-3778,Logon
12/28/2010 19:03:00,PC-3778,Logoff
12/29/2010 09:10:00,PC-3778,Logon
12/29/2010 12:49:44,PC-8873,Logon
12/29/2010 13:17:56,PC-8873,Logoff
12/29/2010 19:15:00,PC-3778,Logoff
12/30/2010 09:22:00,PC-3778,Logon
12/30/2010 12:54:09,PC-3778,Logon
12/30/2010 19:05:00,PC-3778,Logoff
01/01/2011 09:00:00,PC-3778,Logon
01/01/2011 13:24:50,PC-2851,Logon
01/01/2011 14:03:36,PC-2851,Logoff
01/01/2011 14:09:03,PC-3778,Logon
01/01/2011 19:16:00,PC-3778,Logoff
01/02/2011 09:07:00,PC-3778,Logon
01/02/2011 14:13:38,PC-3778,Logon
01/02/2011 19:07:00,PC-3778,Logoff
01/03/2011 09:25:00,PC-3778,Logon
01/03/2011 15:11:13,PC-3778,Logon
01/03/2011 19:06:00,PC-3778,Logoff
01/04/2011 09:05:00,PC-3778,Logon
01/04/2011 14:51:35,PC-3778,Logon
01/04/2011 19:17:00,PC-3778,Logoff
01/05/2011 09:25:00,PC-3778,Logon
01/05/2011 12:44:10,PC-3778,Logon
01/05/2011 19:05:00,PC-3778,Logoff
01/06/2011 09:25:00,PC-3778,Logon
01/06/2011 12:47:56,PC-3778,Logon
01/06/2011 19:26:00,PC-3778,Logoff
01/07/2011 09:21:00,PC-3778,Logon
01/07/2011 13:36:32,PC-3778,Logon
01/07/2011 19:30:00,PC-3778,Logoff
01/10/2011 09:06:00,PC-3778,Logon
01/10/2011 13:34:37,PC-3778,Logon
01/10/2011 19:20:00,PC-3778,Logoff
01/11/2011 09:18:00,PC-3778,Logon
01/11/2011 14:15:24,PC-3778,Logon
01/11/2011 17:21:25,PC-2518,Logon
01/11/2011 17:34:08,PC-2518,Logoff
01/11/2011 19:14:00,PC-3778,Logoff
01/12/2011 09:01:00,PC-3778,Logon
01/12/2011 10:12:31,PC-7731,Logon
01/12/2011 11:10:03,PC-7731,Logoff
01/12/2011 14:26:27,PC-3778,Logon
01/12/2011 19:04:00,PC-3778,Logoff
01/13/2011 09:22:00,PC-3778,Logon
01/13/2011 13:04:19,PC-3778,Logon
01/13/2011 19:09:00,PC-3778,Logoff
01/14/2011 09:00:00,PC-3778,Logon
01/14/2011 12:20:33,PC-3778,Logon
01/14/2011 19:15:00,PC-3778,Logoff
01/15/2011 09:14:00,PC-3778,Logon
01/15/2011 11:34:58,PC-3778,Logon
01/15/2011 19:13:00,PC-3778,Logoff
01/17/2011 09:09:00,PC-3778,Logon
01/17/2011 12:42:44,PC-8400,Logon
01/17/2011 12:56:34,PC-3778,Logon
01/17/2011 13:04:17,PC-8400,Logoff
01/17/2011 19:18:00,PC-3778,Logoff
01/18/2011 09:05:00,PC-3778,Logon
01/18/2011 16:07:20,PC-5077,Logon
01/18/2011 16:42:45,PC-5077,Logoff
01/18/2011 19:15:00,PC-3778,Logoff
01/19/2011 09:03:00,PC-3778,Logon
01/19/2011 19:28:00,PC-3778,Logoff
01/20/2011 09:21:00,PC-3778,Logon
01/20/2011 14:20:30,PC-3778,Logon
01/20/2011 19:09:00,PC-3778,Logoff
01/21/2011 09:23:00,PC-3778,Logon
01/21/2011 15:14:51,PC-3778,Logon
01/21/2011 19:06:00,PC-3778,Logoff
01/22/2011 09:24:00,PC-3778,Logon
01/22/2011 13:46:11,PC-3778,Logon
01/22/2011 19:12:00,PC-3778,Logoff
01/23/2011 09:20:00,PC-3778,Logon
01/23/2011 15:05:30,PC-3778,Logon
01/23/2011 19:26:00,PC-3778,Logoff
01/24/2011 09:25:00,PC-3778,Logon
01/24/2011 13:57:41,PC-3778,Logon
01/24/2011 19:27:00,PC-3778,Logoff
01/25/2011 09:16:00,PC-3778,Logon
01/25/2011 14:55:35,PC-3778,Logon
01/25/2011 19:09:00,PC-3778,Logoff
01/26/2011 09:10:00,PC-3778,Logon
01/26/2011 14:34:00,PC-3778,Logon
01/26/2011 19:11:00,PC-3778,Logoff
01/27/2011 09:25:00,PC-3778,Logon
01/27/2011 14:10:31,PC-3778,Logon
01/27/2011 19:14:00,PC-3778,Logoff
01/28/2011 09:06:00,PC-3778,Logon
01/28/2011 11:30:08,PC-3778,Logon
01/28/2011 19:29:00,PC-3778,Logoff
01/30/2011 09:25:00,PC-3778,Logon
01/30/2011 12:41:34,PC-3778,Logon
01/30/2011 19:10:00,PC-3778,Logoff
01/31/2011 09:24:00,PC-3778,Logon
01/31/2011 14:33:38,PC-3778,Logon
01/31/2011 19:09:00,PC-3778,Logoff
02/01/2011 09:12:00,PC-3778,Logon
02/01/2011 10:39:10,PC-1186,Logon
02/01/2011 11:28:40,PC-1186,Logoff
02/01/2011 13:52:46,PC-3778,Logon
02/01/2011 19:20:00,PC-3778,Logoff
02/02/2011 09:12:00,PC-3778,Logon
02/02/2011 15:02:47,PC-3778,Logon
02/02/2011 19:21:00,PC-3778,Logoff
02/03/2011 09:18:00,PC-3778,Logon
02/03/2011 13:56:15,PC-3778,Logon
02/03/2011 19:04:00,PC-3778,Logoff
02/04/2011 09:10:00,PC-3778,Logon
02/04/2011 13:53:17,PC-3778,Logon
02/04/2011 19:17:00,PC-3778,Logoff
02/07/2011 09:24:00,PC-3778,Logon
02/07/2011 13:57:47,PC-3778,Logon
02/07/2011 19:03:00,PC-3778,Logoff
02/08/2011 09:09:00,PC-3778,Logon
02/08/2011 11:05:20,PC-3778,Logon
02/08/2011 19:14:00,PC-3778,Logoff
02/09/2011 09:13:00,PC-3778,Logon
02/09/2011 12:17:59,PC-6914,Logon
02/09/2011 12:34:26,PC-6914,Logoff
02/09/2011 14:37:50,PC-3778,Logon
02/09/2011 19:17:00,PC-3778,Logoff
02/10/2011 09:06:00,PC-3778,Logon
02/10/2011 14:57:52,PC-6627,Logon
02/10/2011 15:37:19,PC-6627,Logoff
02/10/2011 19:17:00,PC-3778,Logoff
02/11/2011 09:19:00,PC-3778,Logon
02/11/2011 13:59:16,PC-3778,Logon
02/11/2011 19:06:00,PC-3778,Logoff
02/14/2011 09:22:00,PC-3778,Logon
02/14/2011 12:53:15,PC-3778,Logon
02/14/2011 19:09:00,PC-3778,Logoff
02/15/2011 09:08:00,PC-3778,Logon
02/15/2011 15:02:50,PC-3778,Logon
02/15/2011 15:23:16,PC-8624,Logon
02/15/2011 15:32:38,PC-8624,Logoff
02/15/2011 19:21:00,PC-3778,Logoff
02/16/2011 09:19:00,PC-3778,Logon
02/16/2011 14:11:08,PC-3778,Logon
02/16/2011 19:20:00,PC-3778,Logoff
02/17/2011 09:04:00,PC-3778,Logon
02/17/2011 14:16:17,PC-3778,Logon
02/17/2011 15:06:53,PC-1695,Logon
02/17/2011 15:30:23,PC-1695,Logoff
02/17/2011 19:27:00,PC-3778,Logoff
02/18/2011 09:18:00,PC-3778,Logon
02/18/2011 14:37:22,PC-6867,Logon
02/18/2011 15:35:11,PC-6867,Logoff
02/18/2011 19:26:00,PC-3778,Logoff
02/19/2011 09:17:00,PC-3778,Logon
02/19/2011 14:45:54,PC-3778,Logon
02/19/2011 19:05:00,PC-3778,Logoff
02/20/2011 09:24:00,PC-3778,Logon
02/20/2011 14:55:35,PC-3778,Logon
02/20/2011 19:13:00,PC-3778,Logoff
02/21/2011 09:08:00,PC-3778,Logon
02/21/2011 12:02:07,PC-0799,Logon
02/21/2011 12:33:31,PC-0799,Logoff
02/21/2011 19:29:00,PC-3778,Logoff
02/22/2011 09:10:00,PC-3778,Logon
02/22/2011 09:49:10,PC-0139,Logon
02/22/2011 10:13:28,PC-0139,Logoff
02/22/2011 19:26:00,PC-3778,Logoff
02/23/2011 09:23:00,PC-3778,Logon
02/23/2011 14:26:16,PC-3778,Logon
02/23/2011 19:04:00,PC-3778,Logoff
02/24/2011 09:07:00,PC-3778,Logon
02/24/2011 14:22:55,PC-4711,Logon
02/24/2011 15:02:36,PC-4711,Logoff
02/24/2011 19:30:00,PC-3778,Logoff
02/25/2011 09:08:00,PC-3778,Logon
02/25/2011 12:40:56,PC-4812,Logon
02/25/2011 13:13:44,PC-4812,Logoff
02/25/2011 19:25:00,PC-3778,Logoff
02/26/2011 09:17:00,PC-3778,Logon
02/26/2011 14:21:39,PC-3778,Logon
02/26/2011 19:09:00,PC-3778,Logoff
02/28/2011 09:15:00,PC-3778,Logon
02/28/2011 12:12:40,PC-1136,Logon
02/28/2011 12:46:54,PC-1136,Logoff
02/28/2011 14:01:22,PC-3778,Logon
02/28/2011 19:17:00,PC-3778,Logoff
03/01/2011 09:03:00,PC-3778,Logon
03/01/2011 13:18:45,PC-3778,Logon
03/01/2011 19:05:00,PC-3778,Logoff
03/02/2011 09:20:00,PC-3778,Logon
03/02/2011 14:58:42,PC-3778,Logon
03/02/2011 19:14:00,PC-3778,Logoff
03/03/2011 09:19:00,PC-3778,Logon
03/03/2011 14:24:58,PC-3778,Logon
03/03/2011 19:05:00,PC-3778,Logoff
03/04/2011 09:01:00,PC-3778,Logon
03/04/2011 19:15:00,PC-3778,Logoff
03/06/2011 09:15:00,PC-3778,Logon
03/06/2011 14:03:09,PC-3778,Logon
03/06/2011 18:10:42,PC-1754,Logon
03/06/2011 18:17:56,PC-1754,Logoff
03/06/2011 19:28:00,PC-3778,Logoff
03/07/2011 09:25:00,PC-3778,Logon
03/07/2011 14:48:47,PC-3778,Logon
03/07/2011 19:14:00,PC-3778,Logoff
